01:10:14,0,0,0,41,39,8,87,203,104,69,78,4,1,22,68,87,0,0,88,66,205,204,60,66,117,6,142,247,233,225,0,0,0,0,0,0,109,31,186,65,0,0
01:10:17,0,0,0,41,39,8,57,203,104,69,78,216,0,22,68,87,0,0,0,0,0,0,0,0,65,0,70,252,48,224,0,0,0,0,0,0,168,240,212,65,0,0
01:10:20,0,0,0,41,39,8,85,203,104,69,78,12,1,22,68,87,102,102,90,66,205,204,60,66,120,6,179,246,13,226,0,0,0,0,0,0,2,232,187,65,0,0
01:10:23,0,0,0,41,39,8,108,203,104,69,78,245,0,22,68,87,154,153,136,66,205,204,60,66,62,6,107,247,204,225,0,0,0,0,0,0,19,255,187,65,0,0
01:10:26,0,0,0,41,39,8,108,203,104,69,78,245,0,22,68,87,154,153,136,66,205,204,60,66,62,6,107,247,204,225,0,0,0,0,0,0,19,255,187,65,0,0
01:10:29,0,0,0,41,39,8,80,203,104,69,78,10,1,22,68,87,154,153,79,66,205,204,60,66,175,6,237,246,2,226,0,0,0,0,0,0,232,208,189,65,0,0
01:10:32,0,0,0,41,39,8,80,203,104,69,78,10,1,22,68,87,154,153,79,66,205,204,60,66,175,6,237,246,2,226,0,0,0,0,0,0,232,208,189,65,0,0
01:10:35,0,0,0,41,39,8,64,203,104,69,78,212,0,22,68,87,205,204,80,66,205,204,60,66,167,7,105,253,227,220,0,0,0,0,0,0,207,21,184,65,0,0
01:10:38,0,0,0,41,39,8,85,203,104,69,78,12,1,22,68,87,102,102,90,66,205,204,60,66,120,6,179,246,13,226,0,0,0,0,0,0,2,232,187,65,0,0
01:10:41,0,0,0,41,39,8,189,202,104,69,78,60,253,11,68,87,0,0,183,66,205,204,60,66,8,16,8,251,100,228,0,0,0,0,0,0,197,24,4,66,0,0
01:10:44,0,0,0,41,39,8,189,202,104,69,78,60,253,11,68,87,0,0,183,66,205,204,60,66,8,16,8,251,100,228,0,0,0,0,0,0,197,24,4,66,0,0
01:10:47,0,0,0,41,39,8,57,203,104,69,78,216,0,22,68,87,0,0,0,0,0,0,0,0,65,0,70,252,48,224,0,0,0,0,0,0,168,240,212,65,0,0
01:10:50,0,0,0,41,39,8,189,202,104,69,78,60,253,11,68,87,0,0,183,66,205,204,60,66,8,16,8,251,100,228,0,0,0,0,0,0,197,24,4,66,0,0
01:10:53,0,0,0,41,39,8,57,203,104,69,78,216,0,22,68,87,0,0,0,0,0,0,0,0,65,0,70,252,48,224,0,0,0,0,0,0,168,240,212,65,0,0
01:10:56,0,0,0,41,39,8,87,203,104,69,78,4,1,22,68,87,0,0,88,66,205,204,60,66,117,6,142,247,233,225,0,0,0,0,0,0,109,31,186,65,0,0
01:10:59,0,0,0,41,39,8,80,203,104,69,78,10,1,22,68,87,154,153,79,66,205,204,60,66,175,6,237,246,2,226,0,0,0,0,0,0,232,208,189,65,0,0
01:11:02,0,0,0,41,39,8,80,203,104,69,78,10,1,22,68,87,154,153,79,66,205,204,60,66,175,6,237,246,2,226,0,0,0,0,0,0,232,208,189,65,0,0
01:11:05,0,0,0,41,39,8,80,203,104,69,78,10,1,22,68,87,154,153,79,66,205,204,60,66,175,6,237,246,2,226,0,0,0,0,0,0,232,208,189,65,0,0
01:11:08,0,0,0,41,39,8,80,203,104,69,78,10,1,22,68,87,154,153,79,66,205,204,60,66,175,6,237,246,2,226,0,0,0,0,0,0,232,208,189,65,0,0
01:11:11,0,0,0,41,39,8,87,203,104,69,78,4,1,22,68,87,0,0,88,66,205,204,60,66,117,6,142,247,233,225,0,0,0,0,0,0,109,31,186,65,0,0
01:11:14,0,0,0,41,39,8,87,203,104,69,78,4,1,22,68,87,0,0,88,66,205,204,60,66,117,6,142,247,233,225,0,0,0,0,0,0,109,31,186,65,0,0
01:11:17,0,0,0,41,39,8,87,203,104,69,78,4,1,22,68,87,0,0,88,66,205,204,60,66,117,6,142,247,233,225,0,0,0,0,0,0,109,31,186,65,0,0
01:11:20,0,0,0,41,39,8,80,203,104,69,78,10,1,22,68,87,154,153,79,66,205,204,60,66,175,6,237,246,2,226,0,0,0,0,0,0,232,208,189,65,0,0
01:11:23,0,0,0,41,39,8,108,203,104,69,78,245,0,22,68,87,154,153,136,66,205,204,60,66,62,6,107,247,204,225,0,0,0,0,0,0,19,255,187,65,0,0
01:11:39,0,0,0,41,39,8,80,203,104,69,78,10,1,22,68,87,154,153,79,66,205,204,60,66,175,6,237,246,2,226,0,0,0,0,0,0,232,208,189,65,0,0
01:11:42,0,0,0,41,39,8,85,203,104,69,78,12,1,22,68,87,102,102,90,66,205,204,60,66,120,6,179,246,13,226,0,0,0,0,0,0,2,232,187,65,0,0
01:11:45,0,0,0,41,39,8,87,203,104,69,78,4,1,22,68,87,0,0,88,66,205,204,60,66,117,6,142,247,233,225,0,0,0,0,0,0,109,31,186,65,0,0
01:11:48,0,0,0,41,39,8,85,203,104,69,78,12,1,22,68,87,102,102,90,66,205,204,60,66,120,6,179,246,13,226,0,0,0,0,0,0,2,232,187,65,0,0
01:11:51,0,0,0,41,39,8,189,202,104,69,78,60,253,11,68,87,0,0,183,66,205,204,60,66,8,16,8,251,100,228,0,0,0,0,0,0,197,24,4,66,0,0
01:11:54,0,0,0,41,39,8,64,203,104,69,78,212,0,22,68,87,205,204,80,66,205,204,60,66,167,7,105,253,227,220,0,0,0,0,0,0,207,21,184,65,0,0
01:11:57,0,0,0,41,39,8,64,203,104,69,78,212,0,22,68,87,205,204,80,66,205,204,60,66,167,7,105,253,227,220,0,0,0,0,0,0,207,21,184,65,0,0
01:12:00,0,0,0,41,39,8,64,203,104,69,78,212,0,22,68,87,205,204,80,66,205,204,60,66,167,7,105,253,227,220,0,0,0,0,0,0,207,21,184,65,0,0
01:12:03,0,0,0,41,39,8,87,203,104,69,78,4,1,22,68,87,0,0,88,66,205,204,60,66,117,6,142,247,233,225,0,0,0,0,0,0,109,31,186,65,0,0
01:12:06,0,0,0,41,39,8,85,203,104,69,78,12,1,22,68,87,102,102,90,66,205,204,60,66,120,6,179,246,13,226,0,0,0,0,0,0,2,232,187,65,0,0
01:12:09,0,0,0,41,39,8,87,203,104,69,78,4,1,22,68,87,0,0,88,66,205,204,60,66,117,6,142,247,233,225,0,0,0,0,0,0,109,31,186,65,0,0
01:12:12,0,0,0,41,39,8,64,203,104,69,78,212,0,22,68,87,205,204,80,66,205,204,60,66,167,7,105,253,227,220,0,0,0,0,0,0,207,21,184,65,0,0
01:12:15,0,0,0,41,39,8,64,203,104,69,78,212,0,22,68,87,205,204,80,66,205,204,60,66,167,7,105,253,227,220,0,0,0,0,0,0,207,21,184,65,0,0
01:12:18,0,0,0,41,39,8,80,203,104,69,78,10,1,22,68,87,154,153,79,66,205,204,60,66,175,6,237,246,2,226,0,0,0,0,0,0,232,208,189,65,0,0
01:12:21,0,0,0,41,39,8,85,203,104,69,78,12,1,22,68,87,102,102,90,66,205,204,60,66,120,6,179,246,13,226,0,0,0,0,0,0,2,232,187,65,0,0
01:12:24,0,0,0,41,39,8,87,203,104,69,78,4,1,22,68,87,0,0,88,66,205,204,60,66,117,6,142,247,233,225,0,0,0,0,0,0,109,31,186,65,0,0
01:12:27,0,0,0,41,39,8,64,203,104,69,78,212,0,22,68,87,205,204,80,66,205,204,60,66,167,7,105,253,227,220,0,0,0,0,0,0,207,21,184,65,0,0
01:12:30,0,0,0,41,39,8,189,202,104,69,78,60,253,11,68,87,0,0,183,66,205,204,60,66,8,16,8,251,100,228,0,0,0,0,0,0,197,24,4,66,0,0
01:12:33,0,0,0,41,39,8,189,202,104,69,78,60,253,11,68,87,0,0,183,66,205,204,60,66,8,16,8,251,100,228,0,0,0,0,0,0,197,24,4,66,0,0
01:12:36,0,0,0,41,39,8,108,203,104,69,78,245,0,22,68,87,154,153,136,66,205,204,60,66,62,6,107,247,204,225,0,0,0,0,0,0,19,255,187,65,0,0
01:12:39,0,0,0,41,39,8,80,203,104,69,78,10,1,22,68,87,154,153,79,66,205,204,60,66,175,6,237,246,2,226,0,0,0,0,0,0,232,208,189,65,0,0
01:12:42,0,0,0,41,39,8,87,203,104,69,78,4,1,22,68,87,0,0,88,66,205,204,60,66,117,6,142,247,233,225,0,0,0,0,0,0,109,31,186,65,0,0
01:12:45,0,0,0,41,39,8,85,203,104,69,78,12,1,22,68,87,102,102,90,66,205,204,60,66,120,6,179,246,13,226,0,0,0,0,0,0,2,232,187,65,0,0
01:12:48,0,0,0,41,39,8,108,203,104,69,78,245,0,22,68,87,154,153,136,66,205,204,60,66,62,6,107,247,204,225,0,0,0,0,0,0,19,255,187,65,0,0
01:12:51,0,0,0,41,39,8,85,203,104,69,78,12,1,22,68,87,102,102,90,66,205,204,60,66,120,6,179,246,13,226,0,0,0,0,0,0,2,232,187,65,0,0
01:12:54,0,0,0,41,39,8,80,203,104,69,78,10,1,22,68,87,154,153,79,66,205,204,60,66,175,6,237,246,2,226,0,0,0,0,0,0,232,208,189,65,0,0
01:12:57,0,0,0,41,39,8,87,203,104,69,78,4,1,22,68,87,0,0,88,66,205,204,60,66,117,6,142,247,233,225,0,0,0,0,0,0,109,31,186,65,0,0
01:13:00,0,0,0,41,39,8,80,203,104,69,78,10,1,22,68,87,154,153,79,66,205,204,60,66,175,6,237,246,2,226,0,0,0,0,0,0,232,208,189,65,0,0
01:13:03,0,0,0,41,39,8,80,203,104,69,78,10,1,22,68,87,154,153,79,66,205,204,60,66,175,6,237,246,2,226,0,0,0,0,0,0,232,208,189,65,0,0
01:13:06,0,0,0,41,39,8,57,203,104,69,78,216,0,22,68,87,0,0,0,0,0,0,0,0,65,0,70,252,48,224,0,0,0,0,0,0,168,240,212,65,0,0
01:13:09,0,0,0,41,39,8,108,203,104,69,78,245,0,22,68,87,154,153,136,66,205,204,60,66,62,6,107,247,204,225,0,0,0,0,0,0,19,255,187,65,0,0
01:13:12,0,0,0,41,39,8,80,203,104,69,78,10,1,22,68,87,154,153,79,66,205,204,60,66,175,6,237,246,2,226,0,0,0,0,0,0,232,208,189,65,0,0
01:13:15,0,0,0,41,39,8,64,203,104,69,78,212,0,22,68,87,205,204,80,66,205,204,60,66,167,7,105,253,227,220,0,0,0,0,0,0,207,21,184,65,0,0
01:13:18,0,0,0,41,39,8,85,203,104,69,78,12,1,22,68,87,102,102,90,66,205,204,60,66,120,6,179,246,13,226,0,0,0,0,0,0,2,232,187,65,0,0
01:13:21,0,0,0,41,39,8,80,203,104,69,78,10,1,22,68,87,154,153,79,66,205,204,60,66,175,6,237,246,2,226,0,0,0,0,0,0,232,208,189,65,0,0
01:13:24,0,0,0,41,39,8,108,203,104,69,78,245,0,22,68,87,154,153,136,66,205,204,60,66,62,6,107,247,204,225,0,0,0,0,0,0,19,255,187,65,0,0
01:15:21,0,0,0,41,39,8,64,203,104,69,78,212,0,22,68,87,205,204,80,66,205,204,60,66,167,7,105,253,227,220,0,0,0,0,0,0,207,21,184,65,0,0
01:15:24,0,0,0,41,39,8,189,202,104,69,78,60,253,11,68,87,0,0,183,66,205,204,60,66,8,16,8,251,100,228,0,0,0,0,0,0,197,24,4,66,0,0
01:15:27,0,0,0,41,39,8,87,203,104,69,78,4,1,22,68,87,0,0,88,66,205,204,60,66,117,6,142,247,233,225,0,0,0,0,0,0,109,31,186,65,0,0
01:15:30,0,0,0,41,39,8,64,203,104,69,78,212,0,22,68,87,205,204,80,66,205,204,60,66,167,7,105,253,227,220,0,0,0,0,0,0,207,21,184,65,0,0
01:15:33,0,0,0,41,39,8,80,203,104,69,78,10,1,22,68,87,154,153,79,66,205,204,60,66,175,6,237,246,2,226,0,0,0,0,0,0,232,208,189,65,0,0
01:15:36,0,0,0,41,39,8,85,203,104,69,78,12,1,22,68,87,102,102,90,66,205,204,60,66,120,6,179,246,13,226,0,0,0,0,0,0,2,232,187,65,0,0
01:15:39,0,0,0,41,39,8,108,203,104,69,78,245,0,22,68,87,154,153,136,66,205,204,60,66,62,6,107,247,204,225,0,0,0,0,0,0,19,255,187,65,0,0
01:15:42,0,0,0,41,39,8,57,203,104,69,78,216,0,22,68,87,0,0,0,0,0,0,0,0,65,0,70,252,48,224,0,0,0,0,0,0,168,240,212,65,0,0
01:15:45,0,0,0,41,39,8,57,203,104,69,78,216,0,22,68,87,0,0,0,0,0,0,0,0,65,0,70,252,48,224,0,0,0,0,0,0,168,240,212,65,0,0
01:15:48,0,0,0,41,39,8,57,203,104,69,78,216,0,22,68,87,0,0,0,0,0,0,0,0,65,0,70,252,48,224,0,0,0,0,0,0,168,240,212,65,0,0
01:15:51,0,0,0,41,39,8,87,203,104,69,78,4,1,22,68,87,0,0,88,66,205,204,60,66,117,6,142,247,233,225,0,0,0,0,0,0,109,31,186,65,0,0
01:15:54,0,0,0,41,39,8,85,203,104,69,78,12,1,22,68,87,102,102,90,66,205,204,60,66,120,6,179,246,13,226,0,0,0,0,0,0,2,232,187,65,0,0
01:15:57,0,0,0,41,39,8,189,202,104,69,78,60,253,11,68,87,0,0,183,66,205,204,60,66,8,16,8,251,100,228,0,0,0,0,0,0,197,24,4,66,0,0
01:16:00,0,0,0,41,39,8,108,203,104,69,78,245,0,22,68,87,154,153,136,66,205,204,60,66,62,6,107,247,204,225,0,0,0,0,0,0,19,255,187,65,0,0
01:16:03,0,0,0,41,39,8,80,203,104,69,78,10,1,22,68,87,154,153,79,66,205,204,60,66,175,6,237,246,2,226,0,0,0,0,0,0,232,208,189,65,0,0
01:16:06,0,0,0,41,39,8,85,203,104,69,78,12,1,22,68,87,102,102,90,66,205,204,60,66,120,6,179,246,13,226,0,0,0,0,0,0,2,232,187,65,0,0
01:16:09,0,0,0,41,39,8,85,203,104,69,78,12,1,22,68,87,102,102,90,66,205,204,60,66,120,6,179,246,13,226,0,0,0,0,0,0,2,232,187,65,0,0
01:16:12,0,0,0,41,39,8,87,203,104,69,78,4,1,22,68,87,0,0,88,66,205,204,60,66,117,6,142,247,233,225,0,0,0,0,0,0,109,31,186,65,0,0
01:16:15,0,0,0,41,39,8,57,203,104,69,78,216,0,22,68,87,0,0,0,0,0,0,0,0,65,0,70,252,48,224,0,0,0,0,0,0,168,240,212,65,0,0
01:16:18,0,0,0,41,39,8,108,203,104,69,78,245,0,22,68,87,154,153,136,66,205,204,60,66,62,6,107,247,204,225,0,0,0,0,0,0,19,255,187,65,0,0
01:16:21,0,0,0,41,39,8,87,203,104,69,78,4,1,22,68,87,0,0,88,66,205,204,60,66,117,6,142,247,233,225,0,0,0,0,0,0,109,31,186,65,0,0
01:16:24,0,0,0,41,39,8,57,203,104,69,78,216,0,22,68,87,0,0,0,0,0,0,0,0,65,0,70,252,48,224,0,0,0,0,0,0,168,240,212,65,0,0
01:16:27,0,0,0,41,39,8,85,203,104,69,78,12,1,22,68,87,102,102,90,66,205,204,60,66,120,6,179,246,13,226,0,0,0,0,0,0,2,232,187,65,0,0
01:16:30,0,0,0,41,39,8,189,202,104,69,78,60,253,11,68,87,0,0,183,66,205,204,60,66,8,16,8,251,100,228,0,0,0,0,0,0,197,24,4,66,0,0
01:16:33,0,0,0,41,39,8,87,203,104,69,78,4,1,22,68,87,0,0,88,66,205,204,60,66,117,6,142,247,233,225,0,0,0,0,0,0,109,31,186,65,0,0
01:16:36,0,0,0,41,39,8,80,203,104,69,78,10,1,22,68,87,154,153,79,66,205,204,60,66,175,6,237,246,2,226,0,0,0,0,0,0,232,208,189,65,0,0
01:16:39,0,0,0,41,39,8,64,203,104,69,78,212,0,22,68,87,205,204,80,66,205,204,60,66,167,7,105,253,227,220,0,0,0,0,0,0,207,21,184,65,0,0
01:16:42,0,0,0,41,39,8,80,203,104,69,78,10,1,22,68,87,154,153,79,66,205,204,60,66,175,6,237,246,2,226,0,0,0,0,0,0,232,208,189,65,0,0
01:16:45,0,0,0,41,39,8,80,203,104,69,78,10,1,22,68,87,154,153,79,66,205,204,60,66,175,6,237,246,2,226,0,0,0,0,0,0,232,208,189,65,0,0
01:16:48,0,0,0,41,39,8,80,203,104,69,78,10,1,22,68,87,154,153,79,66,205,204,60,66,175,6,237,246,2,226,0,0,0,0,0,0,232,208,189,65,0,0
01:16:51,0,0,0,41,39,8,80,203,104,69,78,10,1,22,68,87,154,153,79,66,205,204,60,66,175,6,237,246,2,226,0,0,0,0,0,0,232,208,189,65,0,0
01:16:54,0,0,0,41,39,8,85,203,104,69,78,12,1,22,68,87,102,102,90,66,205,204,60,66,120,6,179,246,13,226,0,0,0,0,0,0,2,232,187,65,0,0
01:16:57,0,0,0,41,39,8,189,202,104,69,78,60,253,11,68,87,0,0,183,66,205,204,60,66,8,16,8,251,100,228,0,0,0,0,0,0,197,24,4,66,0,0
01:17:00,0,0,0,41,39,8,80,203,104,69,78,10,1,22,68,87,154,153,79,66,205,204,60,66,175,6,237,246,2,226,0,0,0,0,0,0,232,208,189,65,0,0
01:17:03,0,0,0,41,39,8,80,203,104,69,78,10,1,22,68,87,154,153,79,66,205,204,60,66,175,6,237,246,2,226,0,0,0,0,0,0,232,208,189,65,0,0
01:17:06,0,0,0,41,39,8,189,202,104,69,78,60,253,11,68,87,0,0,183,66,205,204,60,66,8,16,8,251,100,228,0,0,0,0,0,0,197,24,4,66,0,0
01:17:09,0,0,0,41,39,8,189,202,104,69,78,60,253,11,68,87,0,0,183,66,205,204,60,66,8,16,8,251,100,228,0,0,0,0,0,0,197,24,4,66,0,0
01:17:12,0,0,0,41,39,8,57,203,104,69,78,216,0,22,68,87,0,0,0,0,0,0,0,0,65,0,70,252,48,224,0,0,0,0,0,0,168,240,212,65,0,0
01:17:15,0,0,0,41,39,8,80,203,104,69,78,10,1,22,68,87,154,153,79,66,205,204,60,66,175,6,237,246,2,226,0,0,0,0,0,0,232,208,189,65,0,0
01:17:18,0,0,0,41,39,8,189,202,104,69,78,60,253,11,68,87,0,0,183,66,205,204,60,66,8,16,8,251,100,228,0,0,0,0,0,0,197,24,4,66,0,0
01:17:21,0,0,0,41,39,8,189,202,104,69,78,60,253,11,68,87,0,0,183,66,205,204,60,66,8,16,8,251,100,228,0,0,0,0,0,0,197,24,4,66,0,0
01:17:24,0,0,0,41,39,8,80,203,104,69,78,10,1,22,68,87,154,153,79,66,205,204,60,66,175,6,237,246,2,226,0,0,0,0,0,0,232,208,189,65,0,0
01:17:27,0,0,0,41,39,8,80,203,104,69,78,10,1,22,68,87,154,153,79,66,205,204,60,66,175,6,237,246,2,226,0,0,0,0,0,0,232,208,189,65,0,0
01:17:30,0,0,0,41,39,8,189,202,104,69,78,60,253,11,68,87,0,0,183,66,205,204,60,66,8,16,8,251,100,228,0,0,0,0,0,0,197,24,4,66,0,0
01:17:33,0,0,0,41,39,8,189,202,104,69,78,60,253,11,68,87,0,0,183,66,205,204,60,66,8,16,8,251,100,228,0,0,0,0,0,0,197,24,4,66,0,0
01:17:36,0,0,0,41,39,8,108,203,104,69,78,245,0,22,68,87,154,153,136,66,205,204,60,66,62,6,107,247,204,225,0,0,0,0,0,0,19,255,187,65,0,0
01:17:39,0,0,0,41,39,8,85,203,104,69,78,12,1,22,68,87,102,102,90,66,205,204,60,66,120,6,179,246,13,226,0,0,0,0,0,0,2,232,187,65,0,0
01:17:42,0,0,0,41,39,8,189,202,104,69,78,60,253,11,68,87,0,0,183,66,205,204,60,66,8,16,8,251,100,228,0,0,0,0,0,0,197,24,4,66,0,0
01:17:45,0,0,0,41,39,8,57,203,104,69,78,216,0,22,68,87,0,0,0,0,0,0,0,0,65,0,70,252,48,224,0,0,0,0,0,0,168,240,212,65,0,0
01:17:48,0,0,0,41,39,8,87,203,104,69,78,4,1,22,68,87,0,0,88,66,205,204,60,66,117,6,142,247,233,225,0,0,0,0,0,0,109,31,186,65,0,0
01:17:51,0,0,0,41,39,8,189,202,104,69,78,60,253,11,68,87,0,0,183,66,205,204,60,66,8,16,8,251,100,228,0,0,0,0,0,0,197,24,4,66,0,0
01:17:54,0,0,0,41,39,8,80,203,104,69,78,10,1,22,68,87,154,153,79,66,205,204,60,66,175,6,237,246,2,226,0,0,0,0,0,0,232,208,189,65,0,0
01:17:57,0,0,0,41,39,8,64,203,104,69,78,212,0,22,68,87,205,204,80,66,205,204,60,66,167,7,105,253,227,220,0,0,0,0,0,0,207,21,184,65,0,0
01:18:00,0,0,0,41,39,8,57,203,104,69,78,216,0,22,68,87,0,0,0,0,0,0,0,0,65,0,70,252,48,224,0,0,0,0,0,0,168,240,212,65,0,0
01:18:03,0,0,0,41,39,8,57,203,104,69,78,216,0,22,68,87,0,0,0,0,0,0,0,0,65,0,70,252,48,224,0,0,0,0,0,0,168,240,212,65,0,0
01:18:06,0,0,0,41,39,8,108,203,104,69,78,245,0,22,68,87,154,153,136,66,205,204,60,66,62,6,107,247,204,225,0,0,0,0,0,0,19,255,187,65,0,0
01:18:09,0,0,0,41,39,8,85,203,104,69,78,12,1,22,68,87,102,102,90,66,205,204,60,66,120,6,179,246,13,226,0,0,0,0,0,0,2,232,187,65,0,0
01:18:12,0,0,0,41,39,8,64,203,104,69,78,212,0,22,68,87,205,204,80,66,205,204,60,66,167,7,105,253,227,220,0,0,0,0,0,0,207,21,184,65,0,0
01:18:15,0,0,0,41,39,8,85,203,104,69,78,12,1,22,68,87,102,102,90,66,205,204,60,66,120,6,179,246,13,226,0,0,0,0,0,0,2,232,187,65,0,0
01:18:18,0,0,0,41,39,8,64,203,104,69,78,212,0,22,68,87,205,204,80,66,205,204,60,66,167,7,105,253,227,220,0,0,0,0,0,0,207,21,184,65,0,0
01:18:21,0,0,0,41,39,8,108,203,104,69,78,245,0,22,68,87,154,153,136,66,205,204,60,66,62,6,107,247,204,225,0,0,0,0,0,0,19,255,187,65,0,0
01:18:24,0,0,0,41,39,8,80,203,104,69,78,10,1,22,68,87,154,153,79,66,205,204,60,66,175,6,237,246,2,226,0,0,0,0,0,0,232,208,189,65,0,0
01:18:27,0,0,0,41,39,8,108,203,104,69,78,245,0,22,68,87,154,153,136,66,205,204,60,66,62,6,107,247,204,225,0,0,0,0,0,0,19,255,187,65,0,0
01:18:30,0,0,0,41,39,8,57,203,104,69,78,216,0,22,68,87,0,0,0,0,0,0,0,0,65,0,70,252,48,224,0,0,0,0,0,0,168,240,212,65,0,0
01:18:33,0,0,0,41,39,8,80,203,104,69,78,10,1,22,68,87,154,153,79,66,205,204,60,66,175,6,237,246,2,226,0,0,0,0,0,0,232,208,189,65,0,0
01:18:36,0,0,0,41,39,8,80,203,104,69,78,10,1,22,68,87,154,153,79,66,205,204,60,66,175,6,237,246,2,226,0,0,0,0,0,0,232,208,189,65,0,0
01:18:39,0,0,0,41,39,8,80,203,104,69,78,10,1,22,68,87,154,153,79,66,205,204,60,66,175,6,237,246,2,226,0,0,0,0,0,0,232,208,189,65,0,0
01:18:42,0,0,0,41,39,8,80,203,104,69,78,10,1,22,68,87,154,153,79,66,205,204,60,66,175,6,237,246,2,226,0,0,0,0,0,0,232,208,189,65,0,0
01:18:45,0,0,0,41,39,8,64,203,104,69,78,212,0,22,68,87,205,204,80,66,205,204,60,66,167,7,105,253,227,220,0,0,0,0,0,0,207,21,184,65,0,0
01:18:48,0,0,0,41,39,8,87,203,104,69,78,4,1,22,68,87,0,0,88,66,205,204,60,66,117,6,142,247,233,225,0,0,0,0,0,0,109,31,186,65,0,0
01:18:51,0,0,0,41,39,8,87,203,104,69,78,4,1,22,68,87,0,0,88,66,205,204,60,66,117,6,142,247,233,225,0,0,0,0,0,0,109,31,186,65,0,0
01:18:54,0,0,0,41,39,8,108,203,104,69,78,245,0,22,68,87,154,153,136,66,205,204,60,66,62,6,107,247,204,225,0,0,0,0,0,0,19,255,187,65,0,0
01:18:57,0,0,0,41,39,8,87,203,104,69,78,4,1,22,68,87,0,0,88,66,205,204,60,66,117,6,142,247,233,225,0,0,0,0,0,0,109,31,186,65,0,0
01:19:00,0,0,0,41,39,8,64,203,104,69,78,212,0,22,68,87,205,204,80,66,205,204,60,66,167,7,105,253,227,220,0,0,0,0,0,0,207,21,184,65,0,0
01:19:03,0,0,0,41,39,8,189,202,104,69,78,60,253,11,68,87,0,0,183,66,205,204,60,66,8,16,8,251,100,228,0,0,0,0,0,0,197,24,4,66,0,0
01:19:06,0,0,0,41,39,8,80,203,104,69,78,10,1,22,68,87,154,153,79,66,205,204,60,66,175,6,237,246,2,226,0,0,0,0,0,0,232,208,189,65,0,0
01:19:09,0,0,0,41,39,8,87,203,104,69,78,4,1,22,68,87,0,0,88,66,205,204,60,66,117,6,142,247,233,225,0,0,0,0,0,0,109,31,186,65,0,0
01:19:12,0,0,0,41,39,8,87,203,104,69,78,4,1,22,68,87,0,0,88,66,205,204,60,66,117,6,142,247,233,225,0,0,0,0,0,0,109,31,186,65,0,0
01:19:15,0,0,0,41,39,8,85,203,104,69,78,12,1,22,68,87,102,102,90,66,205,204,60,66,120,6,179,246,13,226,0,0,0,0,0,0,2,232,187,65,0,0
01:19:18,0,0,0,41,39,8,87,203,104,69,78,4,1,22,68,87,0,0,88,66,205,204,60,66,117,6,142,247,233,225,0,0,0,0,0,0,109,31,186,65,0,0
01:19:21,0,0,0,41,39,8,85,203,104,69,78,12,1,22,68,87,102,102,90,66,205,204,60,66,120,6,179,246,13,226,0,0,0,0,0,0,2,232,187,65,0,0
01:19:24,0,0,0,41,39,8,189,202,104,69,78,60,253,11,68,87,0,0,183,66,205,204,60,66,8,16,8,251,100,228,0,0,0,0,0,0,197,24,4,66,0,0
01:19:27,0,0,0,41,39,8,87,203,104,69,78,4,1,22,68,87,0,0,88,66,205,204,60,66,117,6,142,247,233,225,0,0,0,0,0,0,109,31,186,65,0,0
01:19:30,0,0,0,41,39,8,189,202,104,69,78,60,253,11,68,87,0,0,183,66,205,204,60,66,8,16,8,251,100,228,0,0,0,0,0,0,197,24,4,66,0,0
01:19:33,0,0,0,41,39,8,80,203,104,69,78,10,1,22,68,87,154,153,79,66,205,204,60,66,175,6,237,246,2,226,0,0,0,0,0,0,232,208,189,65,0,0
01:19:36,0,0,0,41,39,8,189,202,104,69,78,60,253,11,68,87,0,0,183,66,205,204,60,66,8,16,8,251,100,228,0,0,0,0,0,0,197,24,4,66,0,0
01:19:39,0,0,0,41,39,8,85,203,104,69,78,12,1,22,68,87,102,102,90,66,205,204,60,66,120,6,179,246,13,226,0,0,0,0,0,0,2,232,187,65,0,0
01:19:42,0,0,0,41,39,8,108,203,104,69,78,245,0,22,68,87,154,153,136,66,205,204,60,66,62,6,107,247,204,225,0,0,0,0,0,0,19,255,187,65,0,0
01:19:45,0,0,0,41,39,8,108,203,104,69,78,245,0,22,68,87,154,153,136,66,205,204,60,66,62,6,107,247,204,225,0,0,0,0,0,0,19,255,187,65,0,0
01:19:48,0,0,0,41,39,8,87,203,104,69,78,4,1,22,68,87,0,0,88,66,205,204,60,66,117,6,142,247,233,225,0,0,0,0,0,0,109,31,186,65,0,0
01:19:51,0,0,0,41,39,8,80,203,104,69,78,10,1,22,68,87,154,153,79,66,205,204,60,66,175,6,237,246,2,226,0,0,0,0,0,0,232,208,189,65,0,0
01:19:54,0,0,0,41,39,8,80,203,104,69,78,10,1,22,68,87,154,153,79,66,205,204,60,66,175,6,237,246,2,226,0,0,0,0,0,0,232,208,189,65,0,0
01:19:57,0,0,0,41,39,8,80,203,104,69,78,10,1,22,68,87,154,153,79,66,205,204,60,66,175,6,237,246,2,226,0,0,0,0,0,0,232,208,189,65,0,0
01:20:00,0,0,0,41,39,8,85,203,104,69,78,12,1,22,68,87,102,102,90,66,205,204,60,66,120,6,179,246,13,226,0,0,0,0,0,0,2,232,187,65,0,0
01:20:03,0,0,0,41,39,8,64,203,104,69,78,212,0,22,68,87,205,204,80,66,205,204,60,66,167,7,105,253,227,220,0,0,0,0,0,0,207,21,184,65,0,0
01:20:06,0,0,0,41,39,8,80,203,104,69,78,10,1,22,68,87,154,153,79,66,205,204,60,66,175,6,237,246,2,226,0,0,0,0,0,0,232,208,189,65,0,0
01:20:09,0,0,0,41,39,8,85,203,104,69,78,12,1,22,68,87,102,102,90,66,205,204,60,66,120,6,179,246,13,226,0,0,0,0,0,0,2,232,187,65,0,0
01:20:12,0,0,0,41,39,8,85,203,104,69,78,12,1,22,68,87,102,102,90,66,205,204,60,66,120,6,179,246,13,226,0,0,0,0,0,0,2,232,187,65,0,0
01:20:15,0,0,0,41,39,8,189,202,104,69,78,60,253,11,68,87,0,0,183,66,205,204,60,66,8,16,8,251,100,228,0,0,0,0,0,0,197,24,4,66,0,0
01:20:18,0,0,0,41,39,8,64,203,104,69,78,212,0,22,68,87,205,204,80,66,205,204,60,66,167,7,105,253,227,220,0,0,0,0,0,0,207,21,184,65,0,0
01:20:21,0,0,0,41,39,8,64,203,104,69,78,212,0,22,68,87,205,204,80,66,205,204,60,66,167,7,105,253,227,220,0,0,0,0,0,0,207,21,184,65,0,0
01:20:24,0,0,0,41,39,8,64,203,104,69,78,212,0,22,68,87,205,204,80,66,205,204,60,66,167,7,105,253,227,220,0,0,0,0,0,0,207,21,184,65,0,0
01:20:27,0,0,0,41,39,8,189,202,104,69,78,60,253,11,68,87,0,0,183,66,205,204,60,66,8,16,8,251,100,228,0,0,0,0,0,0,197,24,4,66,0,0
01:20:30,0,0,0,41,39,8,85,203,104,69,78,12,1,22,68,87,102,102,90,66,205,204,60,66,120,6,179,246,13,226,0,0,0,0,0,0,2,232,187,65,0,0
01:20:33,0,0,0,41,39,8,108,203,104,69,78,245,0,22,68,87,154,153,136,66,205,204,60,66,62,6,107,247,204,225,0,0,0,0,0,0,19,255,187,65,0,0
01:20:36,0,0,0,41,39,8,87,203,104,69,78,4,1,22,68,87,0,0,88,66,205,204,60,66,117,6,142,247,233,225,0,0,0,0,0,0,109,31,186,65,0,0
01:20:39,0,0,0,41,39,8,64,203,104,69,78,212,0,22,68,87,205,204,80,66,205,204,60,66,167,7,105,253,227,220,0,0,0,0,0,0,207,21,184,65,0,0
01:20:42,0,0,0,41,39,8,108,203,104,69,78,245,0,22,68,87,154,153,136,66,205,204,60,66,62,6,107,247,204,225,0,0,0,0,0,0,19,255,187,65,0,0
01:20:45,0,0,0,41,39,8,80,203,104,69,78,10,1,22,68,87,154,153,79,66,205,204,60,66,175,6,237,246,2,226,0,0,0,0,0,0,232,208,189,65,0,0
01:20:48,0,0,0,41,39,8,57,203,104,69,78,216,0,22,68,87,0,0,0,0,0,0,0,0,65,0,70,252,48,224,0,0,0,0,0,0,168,240,212,65,0,0
01:20:51,0,0,0,41,39,8,85,203,104,69,78,12,1,22,68,87,102,102,90,66,205,204,60,66,120,6,179,246,13,226,0,0,0,0,0,0,2,232,187,65,0,0
01:20:54,0,0,0,41,39,8,80,203,104,69,78,10,1,22,68,87,154,153,79,66,205,204,60,66,175,6,237,246,2,226,0,0,0,0,0,0,232,208,189,65,0,0
01:20:57,0,0,0,41,39,8,64,203,104,69,78,212,0,22,68,87,205,204,80,66,205,204,60,66,167,7,105,253,227,220,0,0,0,0,0,0,207,21,184,65,0,0
01:21:00,0,0,0,41,39,8,108,203,104,69,78,245,0,22,68,87,154,153,136,66,205,204,60,66,62,6,107,247,204,225,0,0,0,0,0,0,19,255,187,65,0,0
01:21:03,0,0,0,41,39,8,57,203,104,69,78,216,0,22,68,87,0,0,0,0,0,0,0,0,65,0,70,252,48,224,0,0,0,0,0,0,168,240,212,65,0,0
01:21:06,0,0,0,41,39,8,80,203,104,69,78,10,1,22,68,87,154,153,79,66,205,204,60,66,175,6,237,246,2,226,0,0,0,0,0,0,232,208,189,65,0,0
01:21:09,0,0,0,41,39,8,189,202,104,69,78,60,253,11,68,87,0,0,183,66,205,204,60,66,8,16,8,251,100,228,0,0,0,0,0,0,197,24,4,66,0,0
01:21:12,0,0,0,41,39,8,57,203,104,69,78,216,0,22,68,87,0,0,0,0,0,0,0,0,65,0,70,252,48,224,0,0,0,0,0,0,168,240,212,65,0,0
01:21:15,0,0,0,41,39,8,64,203,104,69,78,212,0,22,68,87,205,204,80,66,205,204,60,66,167,7,105,253,227,220,0,0,0,0,0,0,207,21,184,65,0,0
01:21:18,0,0,0,41,39,8,189,202,104,69,78,60,253,11,68,87,0,0,183,66,205,204,60,66,8,16,8,251,100,228,0,0,0,0,0,0,197,24,4,66,0,0
01:21:21,0,0,0,41,39,8,85,203,104,69,78,12,1,22,68,87,102,102,90,66,205,204,60,66,120,6,179,246,13,226,0,0,0,0,0,0,2,232,187,65,0,0
01:21:24,0,0,0,41,39,8,80,203,104,69,78,10,1,22,68,87,154,153,79,66,205,204,60,66,175,6,237,246,2,226,0,0,0,0,0,0,232,208,189,65,0,0
01:21:27,0,0,0,41,39,8,80,203,104,69,78,10,1,22,68,87,154,153,79,66,205,204,60,66,175,6,237,246,2,226,0,0,0,0,0,0,232,208,189,65,0,0
01:21:30,0,0,0,41,39,8,80,203,104,69,78,10,1,22,68,87,154,153,79,66,205,204,60,66,175,6,237,246,2,226,0,0,0,0,0,0,232,208,189,65,0,0
01:21:33,0,0,0,41,39,8,108,203,104,69,78,245,0,22,68,87,154,153,136,66,205,204,60,66,62,6,107,247,204,225,0,0,0,0,0,0,19,255,187,65,0,0
01:21:36,0,0,0,41,39,8,64,203,104,69,78,212,0,22,68,87,205,204,80,66,205,204,60,66,167,7,105,253,227,220,0,0,0,0,0,0,207,21,184,65,0,0
01:21:39,0,0,0,41,39,8,189,202,104,69,78,60,253,11,68,87,0,0,183,66,205,204,60,66,8,16,8,251,100,228,0,0,0,0,0,0,197,24,4,66,0,0
01:21:42,0,0,0,41,39,8,80,203,104,69,78,10,1,22,68,87,154,153,79,66,205,204,60,66,175,6,237,246,2,226,0,0,0,0,0,0,232,208,189,65,0,0
01:21:45,0,0,0,41,39,8,189,202,104,69,78,60,253,11,68,87,0,0,183,66,205,204,60,66,8,16,8,251,100,228,0,0,0,0,0,0,197,24,4,66,0,0
01:21:48,0,0,0,41,39,8,108,203,104,69,78,245,0,22,68,87,154,153,136,66,205,204,60,66,62,6,107,247,204,225,0,0,0,0,0,0,19,255,187,65,0,0
01:21:51,0,0,0,41,39,8,57,203,104,69,78,216,0,22,68,87,0,0,0,0,0,0,0,0,65,0,70,252,48,224,0,0,0,0,0,0,168,240,212,65,0,0
01:21:54,0,0,0,41,39,8,80,203,104,69,78,10,1,22,68,87,154,153,79,66,205,204,60,66,175,6,237,246,2,226,0,0,0,0,0,0,232,208,189,65,0,0
01:21:57,0,0,0,41,39,8,64,203,104,69,78,212,0,22,68,87,205,204,80,66,205,204,60,66,167,7,105,253,227,220,0,0,0,0,0,0,207,21,184,65,0,0
01:22:00,0,0,0,41,39,8,108,203,104,69,78,245,0,22,68,87,154,153,136,66,205,204,60,66,62,6,107,247,204,225,0,0,0,0,0,0,19,255,187,65,0,0
01:22:03,0,0,0,41,39,8,87,203,104,69,78,4,1,22,68,87,0,0,88,66,205,204,60,66,117,6,142,247,233,225,0,0,0,0,0,0,109,31,186,65,0,0
01:22:06,0,0,0,41,39,8,64,203,104,69,78,212,0,22,68,87,205,204,80,66,205,204,60,66,167,7,105,253,227,220,0,0,0,0,0,0,207,21,184,65,0,0
01:22:09,0,0,0,41,39,8,87,203,104,69,78,4,1,22,68,87,0,0,88,66,205,204,60,66,117,6,142,247,233,225,0,0,0,0,0,0,109,31,186,65,0,0
01:22:12,0,0,0,41,39,8,64,203,104,69,78,212,0,22,68,87,205,204,80,66,205,204,60,66,167,7,105,253,227,220,0,0,0,0,0,0,207,21,184,65,0,0
01:22:15,0,0,0,41,39,8,57,203,104,69,78,216,0,22,68,87,0,0,0,0,0,0,0,0,65,0,70,252,48,224,0,0,0,0,0,0,168,240,212,65,0,0
01:22:18,0,0,0,41,39,8,64,203,104,69,78,212,0,22,68,87,205,204,80,66,205,204,60,66,167,7,105,253,227,220,0,0,0,0,0,0,207,21,184,65,0,0
01:22:21,0,0,0,41,39,8,87,203,104,69,78,4,1,22,68,87,0,0,88,66,205,204,60,66,117,6,142,247,233,225,0,0,0,0,0,0,109,31,186,65,0,0
01:22:24,0,0,0,41,39,8,189,202,104,69,78,60,253,11,68,87,0,0,183,66,205,204,60,66,8,16,8,251,100,228,0,0,0,0,0,0,197,24,4,66,0,0
01:22:27,0,0,0,41,39,8,87,203,104,69,78,4,1,22,68,87,0,0,88,66,205,204,60,66,117,6,142,247,233,225,0,0,0,0,0,0,109,31,186,65,0,0
01:22:30,0,0,0,41,39,8,87,203,104,69,78,4,1,22,68,87,0,0,88,66,205,204,60,66,117,6,142,247,233,225,0,0,0,0,0,0,109,31,186,65,0,0
01:22:33,0,0,0,41,39,8,80,203,104,69,78,10,1,22,68,87,154,153,79,66,205,204,60,66,175,6,237,246,2,226,0,0,0,0,0,0,232,208,189,65,0,0
01:22:36,0,0,0,41,39,8,108,203,104,69,78,245,0,22,68,87,154,153,136,66,205,204,60,66,62,6,107,247,204,225,0,0,0,0,0,0,19,255,187,65,0,0
01:22:39,0,0,0,41,39,8,108,203,104,69,78,245,0,22,68,87,154,153,136,66,205,204,60,66,62,6,107,247,204,225,0,0,0,0,0,0,19,255,187,65,0,0
01:22:42,0,0,0,41,39,8,108,203,104,69,78,245,0,22,68,87,154,153,136,66,205,204,60,66,62,6,107,247,204,225,0,0,0,0,0,0,19,255,187,65,0,0
01:22:45,0,0,0,41,39,8,80,203,104,69,78,10,1,22,68,87,154,153,79,66,205,204,60,66,175,6,237,246,2,226,0,0,0,0,0,0,232,208,189,65,0,0
01:22:48,0,0,0,41,39,8,80,203,104,69,78,10,1,22,68,87,154,153,79,66,205,204,60,66,175,6,237,246,2,226,0,0,0,0,0,0,232,208,189,65,0,0
01:22:51,0,0,0,41,39,8,80,203,104,69,78,10,1,22,68,87,154,153,79,66,205,204,60,66,175,6,237,246,2,226,0,0,0,0,0,0,232,208,189,65,0,0
01:22:54,0,0,0,41,39,8,108,203,104,69,78,245,0,22,68,87,154,153,136,66,205,204,60,66,62,6,107,247,204,225,0,0,0,0,0,0,19,255,187,65,0,0
01:22:57,0,0,0,41,39,8,87,203,104,69,78,4,1,22,68,87,0,0,88,66,205,204,60,66,117,6,142,247,233,225,0,0,0,0,0,0,109,31,186,65,0,0
01:23:00,0,0,0,41,39,8,108,203,104,69,78,245,0,22,68,87,154,153,136,66,205,204,60,66,62,6,107,247,204,225,0,0,0,0,0,0,19,255,187,65,0,0
01:23:03,0,0,0,41,39,8,108,203,104,69,78,245,0,22,68,87,154,153,136,66,205,204,60,66,62,6,107,247,204,225,0,0,0,0,0,0,19,255,187,65,0,0
01:23:06,0,0,0,41,39,8,87,203,104,69,78,4,1,22,68,87,0,0,88,66,205,204,60,66,117,6,142,247,233,225,0,0,0,0,0,0,109,31,186,65,0,0
01:23:09,0,0,0,41,39,8,189,202,104,69,78,60,253,11,68,87,0,0,183,66,205,204,60,66,8,16,8,251,100,228,0,0,0,0,0,0,197,24,4,66,0,0
01:23:12,0,0,0,41,39,8,64,203,104,69,78,212,0,22,68,87,205,204,80,66,205,204,60,66,167,7,105,253,227,220,0,0,0,0,0,0,207,21,184,65,0,0
01:23:15,0,0,0,41,39,8,87,203,104,69,78,4,1,22,68,87,0,0,88,66,205,204,60,66,117,6,142,247,233,225,0,0,0,0,0,0,109,31,186,65,0,0
01:23:18,0,0,0,41,39,8,57,203,104,69,78,216,0,22,68,87,0,0,0,0,0,0,0,0,65,0,70,252,48,224,0,0,0,0,0,0,168,240,212,65,0,0
01:23:21,0,0,0,41,39,8,87,203,104,69,78,4,1,22,68,87,0,0,88,66,205,204,60,66,117,6,142,247,233,225,0,0,0,0,0,0,109,31,186,65,0,0
01:23:24,0,0,0,41,39,8,189,202,104,69,78,60,253,11,68,87,0,0,183,66,205,204,60,66,8,16,8,251,100,228,0,0,0,0,0,0,197,24,4,66,0,0
01:23:27,0,0,0,41,39,8,85,203,104,69,78,12,1,22,68,87,102,102,90,66,205,204,60,66,120,6,179,246,13,226,0,0,0,0,0,0,2,232,187,65,0,0
01:23:30,0,0,0,41,39,8,80,203,104,69,78,10,1,22,68,87,154,153,79,66,205,204,60,66,175,6,237,246,2,226,0,0,0,0,0,0,232,208,189,65,0,0
01:23:33,0,0,0,41,39,8,108,203,104,69,78,245,0,22,68,87,154,153,136,66,205,204,60,66,62,6,107,247,204,225,0,0,0,0,0,0,19,255,187,65,0,0
01:23:36,0,0,0,41,39,8,108,203,104,69,78,245,0,22,68,87,154,153,136,66,205,204,60,66,62,6,107,247,204,225,0,0,0,0,0,0,19,255,187,65,0,0
01:23:39,0,0,0,41,39,8,57,203,104,69,78,216,0,22,68,87,0,0,0,0,0,0,0,0,65,0,70,252,48,224,0,0,0,0,0,0,168,240,212,65,0,0
01:23:42,0,0,0,41,39,8,189,202,104,69,78,60,253,11,68,87,0,0,183,66,205,204,60,66,8,16,8,251,100,228,0,0,0,0,0,0,197,24,4,66,0,0
01:23:45,0,0,0,41,39,8,64,203,104,69,78,212,0,22,68,87,205,204,80,66,205,204,60,66,167,7,105,253,227,220,0,0,0,0,0,0,207,21,184,65,0,0
01:23:48,0,0,0,41,39,8,108,203,104,69,78,245,0,22,68,87,154,153,136,66,205,204,60,66,62,6,107,247,204,225,0,0,0,0,0,0,19,255,187,65,0,0
01:23:51,0,0,0,41,39,8,108,203,104,69,78,245,0,22,68,87,154,153,136,66,205,204,60,66,62,6,107,247,204,225,0,0,0,0,0,0,19,255,187,65,0,0
01:23:54,0,0,0,41,39,8,87,203,104,69,78,4,1,22,68,87,0,0,88,66,205,204,60,66,117,6,142,247,233,225,0,0,0,0,0,0,109,31,186,65,0,0
01:23:57,0,0,0,41,39,8,64,203,104,69,78,212,0,22,68,87,205,204,80,66,205,204,60,66,167,7,105,253,227,220,0,0,0,0,0,0,207,21,184,65,0,0
01:24:00,0,0,0,41,39,8,189,202,104,69,78,60,253,11,68,87,0,0,183,66,205,204,60,66,8,16,8,251,100,228,0,0,0,0,0,0,197,24,4,66,0,0
01:24:03,0,0,0,41,39,8,64,203,104,69,78,212,0,22,68,87,205,204,80,66,205,204,60,66,167,7,105,253,227,220,0,0,0,0,0,0,207,21,184,65,0,0
01:24:06,0,0,0,41,39,8,87,203,104,69,78,4,1,22,68,87,0,0,88,66,205,204,60,66,117,6,142,247,233,225,0,0,0,0,0,0,109,31,186,65,0,0
01:24:09,0,0,0,41,39,8,87,203,104,69,78,4,1,22,68,87,0,0,88,66,205,204,60,66,117,6,142,247,233,225,0,0,0,0,0,0,109,31,186,65,0,0
01:24:12,0,0,0,41,39,8,57,203,104,69,78,216,0,22,68,87,0,0,0,0,0,0,0,0,65,0,70,252,48,224,0,0,0,0,0,0,168,240,212,65,0,0
01:24:15,0,0,0,41,39,8,87,203,104,69,78,4,1,22,68,87,0,0,88,66,205,204,60,66,117,6,142,247,233,225,0,0,0,0,0,0,109,31,186,65,0,0
01:24:18,0,0,0,41,39,8,57,203,104,69,78,216,0,22,68,87,0,0,0,0,0,0,0,0,65,0,70,252,48,224,0,0,0,0,0,0,168,240,212,65,0,0
01:24:21,0,0,0,41,39,8,189,202,104,69,78,60,253,11,68,87,0,0,183,66,205,204,60,66,8,16,8,251,100,228,0,0,0,0,0,0,197,24,4,66,0,0
01:24:24,0,0,0,41,39,8,189,202,104,69,78,60,253,11,68,87,0,0,183,66,205,204,60,66,8,16,8,251,100,228,0,0,0,0,0,0,197,24,4,66,0,0
01:24:27,0,0,0,41,39,8,87,203,104,69,78,4,1,22,68,87,0,0,88,66,205,204,60,66,117,6,142,247,233,225,0,0,0,0,0,0,109,31,186,65,0,0
01:24:30,0,0,0,41,39,8,108,203,104,69,78,245,0,22,68,87,154,153,136,66,205,204,60,66,62,6,107,247,204,225,0,0,0,0,0,0,19,255,187,65,0,0
01:24:33,0,0,0,41,39,8,85,203,104,69,78,12,1,22,68,87,102,102,90,66,205,204,60,66,120,6,179,246,13,226,0,0,0,0,0,0,2,232,187,65,0,0
01:24:36,0,0,0,41,39,8,189,202,104,69,78,60,253,11,68,87,0,0,183,66,205,204,60,66,8,16,8,251,100,228,0,0,0,0,0,0,197,24,4,66,0,0
01:24:54,0,0,0,41,39,8,57,203,104,69,78,216,0,22,68,87,0,0,0,0,0,0,0,0,65,0,70,252,48,224,0,0,0,0,0,0,168,240,212,65,0,0
01:24:57,0,0,0,41,39,8,57,203,104,69,78,216,0,22,68,87,0,0,0,0,0,0,0,0,65,0,70,252,48,224,0,0,0,0,0,0,168,240,212,65,0,0
01:25:00,0,0,0,41,39,8,87,203,104,69,78,4,1,22,68,87,0,0,88,66,205,204,60,66,117,6,142,247,233,225,0,0,0,0,0,0,109,31,186,65,0,0
01:25:26,0,0,0,41,39,8,80,203,104,69,78,10,1,22,68,87,154,153,79,66,205,204,60,66,175,6,237,246,2,226,0,0,0,0,0,0,232,208,189,65,0,0
01:25:29,0,0,0,41,39,8,57,203,104,69,78,216,0,22,68,87,0,0,0,0,0,0,0,0,65,0,70,252,48,224,0,0,0,0,0,0,168,240,212,65,0,0
01:25:32,0,0,0,41,39,8,189,202,104,69,78,60,253,11,68,87,0,0,183,66,205,204,60,66,8,16,8,251,100,228,0,0,0,0,0,0,197,24,4,66,0,0
01:25:35,0,0,0,41,39,8,64,203,104,69,78,212,0,22,68,87,205,204,80,66,205,204,60,66,167,7,105,253,227,220,0,0,0,0,0,0,207,21,184,65,0,0
01:25:38,0,0,0,41,39,8,80,203,104,69,78,10,1,22,68,87,154,153,79,66,205,204,60,66,175,6,237,246,2,226,0,0,0,0,0,0,232,208,189,65,0,0
01:25:41,0,0,0,41,39,8,87,203,104,69,78,4,1,22,68,87,0,0,88,66,205,204,60,66,117,6,142,247,233,225,0,0,0,0,0,0,109,31,186,65,0,0
01:25:44,0,0,0,41,39,8,80,203,104,69,78,10,1,22,68,87,154,153,79,66,205,204,60,66,175,6,237,246,2,226,0,0,0,0,0,0,232,208,189,65,0,0
01:25:47,0,0,0,41,39,8,85,203,104,69,78,12,1,22,68,87,102,102,90,66,205,204,60,66,120,6,179,246,13,226,0,0,0,0,0,0,2,232,187,65,0,0
01:25:50,0,0,0,41,39,8,87,203,104,69,78,4,1,22,68,87,0,0,88,66,205,204,60,66,117,6,142,247,233,225,0,0,0,0,0,0,109,31,186,65,0,0
01:25:53,0,0,0,41,39,8,57,203,104,69,78,216,0,22,68,87,0,0,0,0,0,0,0,0,65,0,70,252,48,224,0,0,0,0,0,0,168,240,212,65,0,0
01:25:56,0,0,0,41,39,8,80,203,104,69,78,10,1,22,68,87,154,153,79,66,205,204,60,66,175,6,237,246,2,226,0,0,0,0,0,0,232,208,189,65,0,0
01:25:59,0,0,0,41,39,8,87,203,104,69,78,4,1,22,68,87,0,0,88,66,205,204,60,66,117,6,142,247,233,225,0,0,0,0,0,0,109,31,186,65,0,0
01:26:02,0,0,0,41,39,8,64,203,104,69,78,212,0,22,68,87,205,204,80,66,205,204,60,66,167,7,105,253,227,220,0,0,0,0,0,0,207,21,184,65,0,0
01:26:05,0,0,0,41,39,8,57,203,104,69,78,216,0,22,68,87,0,0,0,0,0,0,0,0,65,0,70,252,48,224,0,0,0,0,0,0,168,240,212,65,0,0
01:26:08,0,0,0,41,39,8,80,203,104,69,78,10,1,22,68,87,154,153,79,66,205,204,60,66,175,6,237,246,2,226,0,0,0,0,0,0,232,208,189,65,0,0
01:26:11,0,0,0,41,39,8,189,202,104,69,78,60,253,11,68,87,0,0,183,66,205,204,60,66,8,16,8,251,100,228,0,0,0,0,0,0,197,24,4,66,0,0
01:26:14,0,0,0,41,39,8,189,202,104,69,78,60,253,11,68,87,0,0,183,66,205,204,60,66,8,16,8,251,100,228,0,0,0,0,0,0,197,24,4,66,0,0
01:26:17,0,0,0,41,39,8,80,203,104,69,78,10,1,22,68,87,154,153,79,66,205,204,60,66,175,6,237,246,2,226,0,0,0,0,0,0,232,208,189,65,0,0
01:26:20,0,0,0,41,39,8,80,203,104,69,78,10,1,22,68,87,154,153,79,66,205,204,60,66,175,6,237,246,2,226,0,0,0,0,0,0,232,208,189,65,0,0
01:26:23,0,0,0,41,39,8,64,203,104,69,78,212,0,22,68,87,205,204,80,66,205,204,60,66,167,7,105,253,227,220,0,0,0,0,0,0,207,21,184,65,0,0
01:26:26,0,0,0,41,39,8,108,203,104,69,78,245,0,22,68,87,154,153,136,66,205,204,60,66,62,6,107,247,204,225,0,0,0,0,0,0,19,255,187,65,0,0
01:26:38,0,0,0,41,39,8,108,203,104,69,78,245,0,22,68,87,154,153,136,66,205,204,60,66,62,6,107,247,204,225,0,0,0,0,0,0,19,255,187,65,0,0
01:26:41,0,0,0,41,39,8,189,202,104,69,78,60,253,11,68,87,0,0,183,66,205,204,60,66,8,16,8,251,100,228,0,0,0,0,0,0,197,24,4,66,0,0
01:26:44,0,0,0,41,39,8,108,203,104,69,78,245,0,22,68,87,154,153,136,66,205,204,60,66,62,6,107,247,204,225,0,0,0,0,0,0,19,255,187,65,0,0
01:26:47,0,0,0,41,39,8,108,203,104,69,78,245,0,22,68,87,154,153,136,66,205,204,60,66,62,6,107,247,204,225,0,0,0,0,0,0,19,255,187,65,0,0
01:26:50,0,0,0,41,39,8,87,203,104,69,78,4,1,22,68,87,0,0,88,66,205,204,60,66,117,6,142,247,233,225,0,0,0,0,0,0,109,31,186,65,0,0
01:26:53,0,0,0,41,39,8,108,203,104,69,78,245,0,22,68,87,154,153,136,66,205,204,60,66,62,6,107,247,204,225,0,0,0,0,0,0,19,255,187,65,0,0
01:26:56,0,0,0,41,39,8,108,203,104,69,78,245,0,22,68,87,154,153,136,66,205,204,60,66,62,6,107,247,204,225,0,0,0,0,0,0,19,255,187,65,0,0
01:26:59,0,0,0,41,39,8,64,203,104,69,78,212,0,22,68,87,205,204,80,66,205,204,60,66,167,7,105,253,227,220,0,0,0,0,0,0,207,21,184,65,0,0
01:27:02,0,0,0,41,39,8,189,202,104,69,78,60,253,11,68,87,0,0,183,66,205,204,60,66,8,16,8,251,100,228,0,0,0,0,0,0,197,24,4,66,0,0
01:27:25,0,0,0,41,39,8,189,202,104,69,78,60,253,11,68,87,0,0,183,66,205,204,60,66,8,16,8,251,100,228,0,0,0,0,0,0,197,24,4,66,0,0
01:27:28,0,0,0,41,39,8,57,203,104,69,78,216,0,22,68,87,0,0,0,0,0,0,0,0,65,0,70,252,48,224,0,0,0,0,0,0,168,240,212,65,0,0
01:27:31,0,0,0,41,39,8,189,202,104,69,78,60,253,11,68,87,0,0,183,66,205,204,60,66,8,16,8,251,100,228,0,0,0,0,0,0,197,24,4,66,0,0
01:27:34,0,0,0,41,39,8,87,203,104,69,78,4,1,22,68,87,0,0,88,66,205,204,60,66,117,6,142,247,233,225,0,0,0,0,0,0,109,31,186,65,0,0
01:27:37,0,0,0,41,39,8,108,203,104,69,78,245,0,22,68,87,154,153,136,66,205,204,60,66,62,6,107,247,204,225,0,0,0,0,0,0,19,255,187,65,0,0
01:27:40,0,0,0,41,39,8,108,203,104,69,78,245,0,22,68,87,154,153,136,66,205,204,60,66,62,6,107,247,204,225,0,0,0,0,0,0,19,255,187,65,0,0
01:27:43,0,0,0,41,39,8,80,203,104,69,78,10,1,22,68,87,154,153,79,66,205,204,60,66,175,6,237,246,2,226,0,0,0,0,0,0,232,208,189,65,0,0
01:27:46,0,0,0,41,39,8,108,203,104,69,78,245,0,22,68,87,154,153,136,66,205,204,60,66,62,6,107,247,204,225,0,0,0,0,0,0,19,255,187,65,0,0
01:27:49,0,0,0,41,39,8,80,203,104,69,78,10,1,22,68,87,154,153,79,66,205,204,60,66,175,6,237,246,2,226,0,0,0,0,0,0,232,208,189,65,0,0
01:27:52,0,0,0,41,39,8,87,203,104,69,78,4,1,22,68,87,0,0,88,66,205,204,60,66,117,6,142,247,233,225,0,0,0,0,0,0,109,31,186,65,0,0
01:27:55,0,0,0,41,39,8,87,203,104,69,78,4,1,22,68,87,0,0,88,66,205,204,60,66,117,6,142,247,233,225,0,0,0,0,0,0,109,31,186,65,0,0
01:27:58,0,0,0,41,39,8,87,203,104,69,78,4,1,22,68,87,0,0,88,66,205,204,60,66,117,6,142,247,233,225,0,0,0,0,0,0,109,31,186,65,0,0
01:28:01,0,0,0,41,39,8,85,203,104,69,78,12,1,22,68,87,102,102,90,66,205,204,60,66,120,6,179,246,13,226,0,0,0,0,0,0,2,232,187,65,0,0
01:28:04,0,0,0,41,39,8,57,203,104,69,78,216,0,22,68,87,0,0,0,0,0,0,0,0,65,0,70,252,48,224,0,0,0,0,0,0,168,240,212,65,0,0
01:28:07,0,0,0,41,39,8,108,203,104,69,78,245,0,22,68,87,154,153,136,66,205,204,60,66,62,6,107,247,204,225,0,0,0,0,0,0,19,255,187,65,0,0
01:28:10,0,0,0,41,39,8,80,203,104,69,78,10,1,22,68,87,154,153,79,66,205,204,60,66,175,6,237,246,2,226,0,0,0,0,0,0,232,208,189,65,0,0
01:28:13,0,0,0,41,39,8,80,203,104,69,78,10,1,22,68,87,154,153,79,66,205,204,60,66,175,6,237,246,2,226,0,0,0,0,0,0,232,208,189,65,0,0
01:28:16,0,0,0,41,39,8,85,203,104,69,78,12,1,22,68,87,102,102,90,66,205,204,60,66,120,6,179,246,13,226,0,0,0,0,0,0,2,232,187,65,0,0
01:28:19,0,0,0,41,39,8,64,203,104,69,78,212,0,22,68,87,205,204,80,66,205,204,60,66,167,7,105,253,227,220,0,0,0,0,0,0,207,21,184,65,0,0
01:28:22,0,0,0,41,39,8,108,203,104,69,78,245,0,22,68,87,154,153,136,66,205,204,60,66,62,6,107,247,204,225,0,0,0,0,0,0,19,255,187,65,0,0
01:28:25,0,0,0,41,39,8,189,202,104,69,78,60,253,11,68,87,0,0,183,66,205,204,60,66,8,16,8,251,100,228,0,0,0,0,0,0,197,24,4,66,0,0
01:28:28,0,0,0,41,39,8,189,202,104,69,78,60,253,11,68,87,0,0,183,66,205,204,60,66,8,16,8,251,100,228,0,0,0,0,0,0,197,24,4,66,0,0
01:28:31,0,0,0,41,39,8,189,202,104,69,78,60,253,11,68,87,0,0,183,66,205,204,60,66,8,16,8,251,100,228,0,0,0,0,0,0,197,24,4,66,0,0
01:28:34,0,0,0,41,39,8,189,202,104,69,78,60,253,11,68,87,0,0,183,66,205,204,60,66,8,16,8,251,100,228,0,0,0,0,0,0,197,24,4,66,0,0
01:28:37,0,0,0,41,39,8,87,203,104,69,78,4,1,22,68,87,0,0,88,66,205,204,60,66,117,6,142,247,233,225,0,0,0,0,0,0,109,31,186,65,0,0
01:28:40,0,0,0,41,39,8,80,203,104,69,78,10,1,22,68,87,154,153,79,66,205,204,60,66,175,6,237,246,2,226,0,0,0,0,0,0,232,208,189,65,0,0
01:28:43,0,0,0,41,39,8,80,203,104,69,78,10,1,22,68,87,154,153,79,66,205,204,60,66,175,6,237,246,2,226,0,0,0,0,0,0,232,208,189,65,0,0
01:28:46,0,0,0,41,39,8,87,203,104,69,78,4,1,22,68,87,0,0,88,66,205,204,60,66,117,6,142,247,233,225,0,0,0,0,0,0,109,31,186,65,0,0
01:28:49,0,0,0,41,39,8,87,203,104,69,78,4,1,22,68,87,0,0,88,66,205,204,60,66,117,6,142,247,233,225,0,0,0,0,0,0,109,31,186,65,0,0
01:29:26,0,0,0,41,39,8,189,202,104,69,78,60,253,11,68,87,0,0,183,66,205,204,60,66,8,16,8,251,100,228,0,0,0,0,0,0,197,24,4,66,0,0
01:29:29,0,0,0,41,39,8,57,203,104,69,78,216,0,22,68,87,0,0,0,0,0,0,0,0,65,0,70,252,48,224,0,0,0,0,0,0,168,240,212,65,0,0
01:29:32,0,0,0,41,39,8,189,202,104,69,78,60,253,11,68,87,0,0,183,66,205,204,60,66,8,16,8,251,100,228,0,0,0,0,0,0,197,24,4,66,0,0
01:29:35,0,0,0,41,39,8,87,203,104,69,78,4,1,22,68,87,0,0,88,66,205,204,60,66,117,6,142,247,233,225,0,0,0,0,0,0,109,31,186,65,0,0
01:29:38,0,0,0,41,39,8,57,203,104,69,78,216,0,22,68,87,0,0,0,0,0,0,0,0,65,0,70,252,48,224,0,0,0,0,0,0,168,240,212,65,0,0
01:29:41,0,0,0,41,39,8,108,203,104,69,78,245,0,22,68,87,154,153,136,66,205,204,60,66,62,6,107,247,204,225,0,0,0,0,0,0,19,255,187,65,0,0
01:29:44,0,0,0,41,39,8,108,203,104,69,78,245,0,22,68,87,154,153,136,66,205,204,60,66,62,6,107,247,204,225,0,0,0,0,0,0,19,255,187,65,0,0
01:29:47,0,0,0,41,39,8,80,203,104,69,78,10,1,22,68,87,154,153,79,66,205,204,60,66,175,6,237,246,2,226,0,0,0,0,0,0,232,208,189,65,0,0
01:29:50,0,0,0,41,39,8,57,203,104,69,78,216,0,22,68,87,0,0,0,0,0,0,0,0,65,0,70,252,48,224,0,0,0,0,0,0,168,240,212,65,0,0
01:29:53,0,0,0,41,39,8,57,203,104,69,78,216,0,22,68,87,0,0,0,0,0,0,0,0,65,0,70,252,48,224,0,0,0,0,0,0,168,240,212,65,0,0
01:29:56,0,0,0,41,39,8,64,203,104,69,78,212,0,22,68,87,205,204,80,66,205,204,60,66,167,7,105,253,227,220,0,0,0,0,0,0,207,21,184,65,0,0
01:29:59,0,0,0,41,39,8,108,203,104,69,78,245,0,22,68,87,154,153,136,66,205,204,60,66,62,6,107,247,204,225,0,0,0,0,0,0,19,255,187,65,0,0
01:30:02,0,0,0,41,39,8,80,203,104,69,78,10,1,22,68,87,154,153,79,66,205,204,60,66,175,6,237,246,2,226,0,0,0,0,0,0,232,208,189,65,0,0
01:30:05,0,0,0,41,39,8,80,203,104,69,78,10,1,22,68,87,154,153,79,66,205,204,60,66,175,6,237,246,2,226,0,0,0,0,0,0,232,208,189,65,0,0
01:30:08,0,0,0,41,39,8,64,203,104,69,78,212,0,22,68,87,205,204,80,66,205,204,60,66,167,7,105,253,227,220,0,0,0,0,0,0,207,21,184,65,0,0
01:30:11,0,0,0,41,39,8,87,203,104,69,78,4,1,22,68,87,0,0,88,66,205,204,60,66,117,6,142,247,233,225,0,0,0,0,0,0,109,31,186,65,0,0
01:30:14,0,0,0,41,39,8,85,203,104,69,78,12,1,22,68,87,102,102,90,66,205,204,60,66,120,6,179,246,13,226,0,0,0,0,0,0,2,232,187,65,0,0
01:30:17,0,0,0,41,39,8,87,203,104,69,78,4,1,22,68,87,0,0,88,66,205,204,60,66,117,6,142,247,233,225,0,0,0,0,0,0,109,31,186,65,0,0
01:30:20,0,0,0,41,39,8,80,203,104,69,78,10,1,22,68,87,154,153,79,66,205,204,60,66,175,6,237,246,2,226,0,0,0,0,0,0,232,208,189,65,0,0
01:30:23,0,0,0,41,39,8,80,203,104,69,78,10,1,22,68,87,154,153,79,66,205,204,60,66,175,6,237,246,2,226,0,0,0,0,0,0,232,208,189,65,0,0
01:30:26,0,0,0,41,39,8,108,203,104,69,78,245,0,22,68,87,154,153,136,66,205,204,60,66,62,6,107,247,204,225,0,0,0,0,0,0,19,255,187,65,0,0
01:30:29,0,0,0,41,39,8,85,203,104,69,78,12,1,22,68,87,102,102,90,66,205,204,60,66,120,6,179,246,13,226,0,0,0,0,0,0,2,232,187,65,0,0
01:30:39,0,0,0,41,39,8,80,203,104,69,78,10,1,22,68,87,154,153,79,66,205,204,60,66,175,6,237,246,2,226,0,0,0,0,0,0,232,208,189,65,0,0
01:30:42,0,0,0,41,39,8,108,203,104,69,78,245,0,22,68,87,154,153,136,66,205,204,60,66,62,6,107,247,204,225,0,0,0,0,0,0,19,255,187,65,0,0
01:30:45,0,0,0,41,39,8,87,203,104,69,78,4,1,22,68,87,0,0,88,66,205,204,60,66,117,6,142,247,233,225,0,0,0,0,0,0,109,31,186,65,0,0
01:30:48,0,0,0,41,39,8,87,203,104,69,78,4,1,22,68,87,0,0,88,66,205,204,60,66,117,6,142,247,233,225,0,0,0,0,0,0,109,31,186,65,0,0
01:30:51,0,0,0,41,39,8,57,203,104,69,78,216,0,22,68,87,0,0,0,0,0,0,0,0,65,0,70,252,48,224,0,0,0,0,0,0,168,240,212,65,0,0
01:30:54,0,0,0,41,39,8,80,203,104,69,78,10,1,22,68,87,154,153,79,66,205,204,60,66,175,6,237,246,2,226,0,0,0,0,0,0,232,208,189,65,0,0
01:30:57,0,0,0,41,39,8,64,203,104,69,78,212,0,22,68,87,205,204,80,66,205,204,60,66,167,7,105,253,227,220,0,0,0,0,0,0,207,21,184,65,0,0
01:31:00,0,0,0,41,39,8,64,203,104,69,78,212,0,22,68,87,205,204,80,66,205,204,60,66,167,7,105,253,227,220,0,0,0,0,0,0,207,21,184,65,0,0
01:31:03,0,0,0,41,39,8,87,203,104,69,78,4,1,22,68,87,0,0,88,66,205,204,60,66,117,6,142,247,233,225,0,0,0,0,0,0,109,31,186,65,0,0
01:31:06,0,0,0,41,39,8,189,202,104,69,78,60,253,11,68,87,0,0,183,66,205,204,60,66,8,16,8,251,100,228,0,0,0,0,0,0,197,24,4,66,0,0
01:31:09,0,0,0,41,39,8,64,203,104,69,78,212,0,22,68,87,205,204,80,66,205,204,60,66,167,7,105,253,227,220,0,0,0,0,0,0,207,21,184,65,0,0
01:31:12,0,0,0,41,39,8,108,203,104,69,78,245,0,22,68,87,154,153,136,66,205,204,60,66,62,6,107,247,204,225,0,0,0,0,0,0,19,255,187,65,0,0
01:31:15,0,0,0,41,39,8,85,203,104,69,78,12,1,22,68,87,102,102,90,66,205,204,60,66,120,6,179,246,13,226,0,0,0,0,0,0,2,232,187,65,0,0
01:31:18,0,0,0,41,39,8,80,203,104,69,78,10,1,22,68,87,154,153,79,66,205,204,60,66,175,6,237,246,2,226,0,0,0,0,0,0,232,208,189,65,0,0
01:31:21,0,0,0,41,39,8,189,202,104,69,78,60,253,11,68,87,0,0,183,66,205,204,60,66,8,16,8,251,100,228,0,0,0,0,0,0,197,24,4,66,0,0
01:31:24,0,0,0,41,39,8,80,203,104,69,78,10,1,22,68,87,154,153,79,66,205,204,60,66,175,6,237,246,2,226,0,0,0,0,0,0,232,208,189,65,0,0
01:31:27,0,0,0,41,39,8,80,203,104,69,78,10,1,22,68,87,154,153,79,66,205,204,60,66,175,6,237,246,2,226,0,0,0,0,0,0,232,208,189,65,0,0
01:31:30,0,0,0,41,39,8,108,203,104,69,78,245,0,22,68,87,154,153,136,66,205,204,60,66,62,6,107,247,204,225,0,0,0,0,0,0,19,255,187,65,0,0
01:31:33,0,0,0,41,39,8,108,203,104,69,78,245,0,22,68,87,154,153,136,66,205,204,60,66,62,6,107,247,204,225,0,0,0,0,0,0,19,255,187,65,0,0
01:31:36,0,0,0,41,39,8,80,203,104,69,78,10,1,22,68,87,154,153,79,66,205,204,60,66,175,6,237,246,2,226,0,0,0,0,0,0,232,208,189,65,0,0
01:31:39,0,0,0,41,39,8,189,202,104,69,78,60,253,11,68,87,0,0,183,66,205,204,60,66,8,16,8,251,100,228,0,0,0,0,0,0,197,24,4,66,0,0
01:31:42,0,0,0,41,39,8,85,203,104,69,78,12,1,22,68,87,102,102,90,66,205,204,60,66,120,6,179,246,13,226,0,0,0,0,0,0,2,232,187,65,0,0
01:31:45,0,0,0,41,39,8,189,202,104,69,78,60,253,11,68,87,0,0,183,66,205,204,60,66,8,16,8,251,100,228,0,0,0,0,0,0,197,24,4,66,0,0
01:32:00,0,0,0,41,39,8,87,203,104,69,78,4,1,22,68,87,0,0,88,66,205,204,60,66,117,6,142,247,233,225,0,0,0,0,0,0,109,31,186,65,0,0
01:32:03,0,0,0,41,39,8,189,202,104,69,78,60,253,11,68,87,0,0,183,66,205,204,60,66,8,16,8,251,100,228,0,0,0,0,0,0,197,24,4,66,0,0
01:32:06,0,0,0,41,39,8,80,203,104,69,78,10,1,22,68,87,154,153,79,66,205,204,60,66,175,6,237,246,2,226,0,0,0,0,0,0,232,208,189,65,0,0
01:32:09,0,0,0,41,39,8,57,203,104,69,78,216,0,22,68,87,0,0,0,0,0,0,0,0,65,0,70,252,48,224,0,0,0,0,0,0,168,240,212,65,0,0
01:32:12,0,0,0,41,39,8,85,203,104,69,78,12,1,22,68,87,102,102,90,66,205,204,60,66,120,6,179,246,13,226,0,0,0,0,0,0,2,232,187,65,0,0
01:32:15,0,0,0,41,39,8,80,203,104,69,78,10,1,22,68,87,154,153,79,66,205,204,60,66,175,6,237,246,2,226,0,0,0,0,0,0,232,208,189,65,0,0
01:32:18,0,0,0,41,39,8,189,202,104,69,78,60,253,11,68,87,0,0,183,66,205,204,60,66,8,16,8,251,100,228,0,0,0,0,0,0,197,24,4,66,0,0
01:39:04,0,0,0,41,39,8,80,203,104,69,78,10,1,22,68,87,154,153,79,66,205,204,60,66,175,6,237,246,2,226,0,0,0,0,0,0,232,208,189,65,0,0
01:39:07,0,0,0,41,39,8,80,203,104,69,78,10,1,22,68,87,154,153,79,66,205,204,60,66,175,6,237,246,2,226,0,0,0,0,0,0,232,208,189,65,0,0
01:39:10,0,0,0,41,39,8,64,203,104,69,78,212,0,22,68,87,205,204,80,66,205,204,60,66,167,7,105,253,227,220,0,0,0,0,0,0,207,21,184,65,0,0
01:39:13,0,0,0,41,39,8,64,203,104,69,78,212,0,22,68,87,205,204,80,66,205,204,60,66,167,7,105,253,227,220,0,0,0,0,0,0,207,21,184,65,0,0
01:39:16,0,0,0,41,39,8,87,203,104,69,78,4,1,22,68,87,0,0,88,66,205,204,60,66,117,6,142,247,233,225,0,0,0,0,0,0,109,31,186,65,0,0
01:39:19,0,0,0,41,39,8,80,203,104,69,78,10,1,22,68,87,154,153,79,66,205,204,60,66,175,6,237,246,2,226,0,0,0,0,0,0,232,208,189,65,0,0
01:39:22,0,0,0,41,39,8,87,203,104,69,78,4,1,22,68,87,0,0,88,66,205,204,60,66,117,6,142,247,233,225,0,0,0,0,0,0,109,31,186,65,0,0
01:39:25,0,0,0,41,39,8,57,203,104,69,78,216,0,22,68,87,0,0,0,0,0,0,0,0,65,0,70,252,48,224,0,0,0,0,0,0,168,240,212,65,0,0
01:39:28,0,0,0,41,39,8,189,202,104,69,78,60,253,11,68,87,0,0,183,66,205,204,60,66,8,16,8,251,100,228,0,0,0,0,0,0,197,24,4,66,0,0
01:39:31,0,0,0,41,39,8,189,202,104,69,78,60,253,11,68,87,0,0,183,66,205,204,60,66,8,16,8,251,100,228,0,0,0,0,0,0,197,24,4,66,0,0
01:39:34,0,0,0,41,39,8,87,203,104,69,78,4,1,22,68,87,0,0,88,66,205,204,60,66,117,6,142,247,233,225,0,0,0,0,0,0,109,31,186,65,0,0
01:39:37,0,0,0,41,39,8,108,203,104,69,78,245,0,22,68,87,154,153,136,66,205,204,60,66,62,6,107,247,204,225,0,0,0,0,0,0,19,255,187,65,0,0
01:39:40,0,0,0,41,39,8,57,203,104,69,78,216,0,22,68,87,0,0,0,0,0,0,0,0,65,0,70,252,48,224,0,0,0,0,0,0,168,240,212,65,0,0
01:39:43,0,0,0,41,39,8,87,203,104,69,78,4,1,22,68,87,0,0,88,66,205,204,60,66,117,6,142,247,233,225,0,0,0,0,0,0,109,31,186,65,0,0
01:49:45,0,0,0,41,39,8,80,203,104,69,78,10,1,22,68,87,154,153,79,66,205,204,60,66,175,6,237,246,2,226,0,0,0,0,0,0,232,208,189,65,0,0
01:49:48,0,0,0,41,39,8,108,203,104,69,78,245,0,22,68,87,154,153,136,66,205,204,60,66,62,6,107,247,204,225,0,0,0,0,0,0,19,255,187,65,0,0
01:49:51,0,0,0,41,39,8,108,203,104,69,78,245,0,22,68,87,154,153,136,66,205,204,60,66,62,6,107,247,204,225,0,0,0,0,0,0,19,255,187,65,0,0
01:50:00,0,0,0,41,39,8,108,203,104,69,78,245,0,22,68,87,154,153,136,66,205,204,60,66,62,6,107,247,204,225,0,0,0,0,0,0,19,255,187,65,0,0
01:50:29,0,0,0,41,39,8,108,203,104,69,78,245,0,22,68,87,154,153,136,66,205,204,60,66,62,6,107,247,204,225,0,0,0,0,0,0,19,255,187,65,0,0
01:50:32,0,0,0,41,39,8,57,203,104,69,78,216,0,22,68,87,0,0,0,0,0,0,0,0,65,0,70,252,48,224,0,0,0,0,0,0,168,240,212,65,0,0
01:50:35,0,0,0,41,39,8,85,203,104,69,78,12,1,22,68,87,102,102,90,66,205,204,60,66,120,6,179,246,13,226,0,0,0,0,0,0,2,232,187,65,0,0
01:52:53,0,0,0,41,39,8,57,203,104,69,78,216,0,22,68,87,0,0,0,0,0,0,0,0,65,0,70,252,48,224,0,0,0,0,0,0,168,240,212,65,0,0
01:52:56,0,0,0,41,39,8,80,203,104,69,78,10,1,22,68,87,154,153,79,66,205,204,60,66,175,6,237,246,2,226,0,0,0,0,0,0,232,208,189,65,0,0
01:52:59,0,0,0,41,39,8,108,203,104,69,78,245,0,22,68,87,154,153,136,66,205,204,60,66,62,6,107,247,204,225,0,0,0,0,0,0,19,255,187,65,0,0
01:53:02,0,0,0,41,39,8,108,203,104,69,78,245,0,22,68,87,154,153,136,66,205,204,60,66,62,6,107,247,204,225,0,0,0,0,0,0,19,255,187,65,0,0
01:53:05,0,0,0,41,39,8,85,203,104,69,78,12,1,22,68,87,102,102,90,66,205,204,60,66,120,6,179,246,13,226,0,0,0,0,0,0,2,232,187,65,0,0
01:53:08,0,0,0,41,39,8,108,203,104,69,78,245,0,22,68,87,154,153,136,66,205,204,60,66,62,6,107,247,204,225,0,0,0,0,0,0,19,255,187,65,0,0
01:53:11,0,0,0,41,39,8,189,202,104,69,78,60,253,11,68,87,0,0,183,66,205,204,60,66,8,16,8,251,100,228,0,0,0,0,0,0,197,24,4,66,0,0
01:53:14,0,0,0,41,39,8,80,203,104,69,78,10,1,22,68,87,154,153,79,66,205,204,60,66,175,6,237,246,2,226,0,0,0,0,0,0,232,208,189,65,0,0
01:53:17,0,0,0,41,39,8,108,203,104,69,78,245,0,22,68,87,154,153,136,66,205,204,60,66,62,6,107,247,204,225,0,0,0,0,0,0,19,255,187,65,0,0
01:53:20,0,0,0,41,39,8,57,203,104,69,78,216,0,22,68,87,0,0,0,0,0,0,0,0,65,0,70,252,48,224,0,0,0,0,0,0,168,240,212,65,0,0
01:53:23,0,0,0,41,39,8,85,203,104,69,78,12,1,22,68,87,102,102,90,66,205,204,60,66,120,6,179,246,13,226,0,0,0,0,0,0,2,232,187,65,0,0
01:53:26,0,0,0,41,39,8,189,202,104,69,78,60,253,11,68,87,0,0,183,66,205,204,60,66,8,16,8,251,100,228,0,0,0,0,0,0,197,24,4,66,0,0
01:53:29,0,0,0,41,39,8,64,203,104,69,78,212,0,22,68,87,205,204,80,66,205,204,60,66,167,7,105,253,227,220,0,0,0,0,0,0,207,21,184,65,0,0
01:53:32,0,0,0,41,39,8,87,203,104,69,78,4,1,22,68,87,0,0,88,66,205,204,60,66,117,6,142,247,233,225,0,0,0,0,0,0,109,31,186,65,0,0
01:53:35,0,0,0,41,39,8,64,203,104,69,78,212,0,22,68,87,205,204,80,66,205,204,60,66,167,7,105,253,227,220,0,0,0,0,0,0,207,21,184,65,0,0
01:53:38,0,0,0,41,39,8,80,203,104,69,78,10,1,22,68,87,154,153,79,66,205,204,60,66,175,6,237,246,2,226,0,0,0,0,0,0,232,208,189,65,0,0
01:53:41,0,0,0,41,39,8,80,203,104,69,78,10,1,22,68,87,154,153,79,66,205,204,60,66,175,6,237,246,2,226,0,0,0,0,0,0,232,208,189,65,0,0
01:53:44,0,0,0,41,39,8,85,203,104,69,78,12,1,22,68,87,102,102,90,66,205,204,60,66,120,6,179,246,13,226,0,0,0,0,0,0,2,232,187,65,0,0
01:53:47,0,0,0,41,39,8,57,203,104,69,78,216,0,22,68,87,0,0,0,0,0,0,0,0,65,0,70,252,48,224,0,0,0,0,0,0,168,240,212,65,0,0
01:53:50,0,0,0,41,39,8,80,203,104,69,78,10,1,22,68,87,154,153,79,66,205,204,60,66,175,6,237,246,2,226,0,0,0,0,0,0,232,208,189,65,0,0
01:53:53,0,0,0,41,39,8,57,203,104,69,78,216,0,22,68,87,0,0,0,0,0,0,0,0,65,0,70,252,48,224,0,0,0,0,0,0,168,240,212,65,0,0
01:53:56,0,0,0,41,39,8,85,203,104,69,78,12,1,22,68,87,102,102,90,66,205,204,60,66,120,6,179,246,13,226,0,0,0,0,0,0,2,232,187,65,0,0
01:53:59,0,0,0,41,39,8,189,202,104,69,78,60,253,11,68,87,0,0,183,66,205,204,60,66,8,16,8,251,100,228,0,0,0,0,0,0,197,24,4,66,0,0
01:54:02,0,0,0,41,39,8,80,203,104,69,78,10,1,22,68,87,154,153,79,66,205,204,60,66,175,6,237,246,2,226,0,0,0,0,0,0,232,208,189,65,0,0
01:54:05,0,0,0,41,39,8,85,203,104,69,78,12,1,22,68,87,102,102,90,66,205,204,60,66,120,6,179,246,13,226,0,0,0,0,0,0,2,232,187,65,0,0
01:54:08,0,0,0,41,39,8,64,203,104,69,78,212,0,22,68,87,205,204,80,66,205,204,60,66,167,7,105,253,227,220,0,0,0,0,0,0,207,21,184,65,0,0
01:54:11,0,0,0,41,39,8,80,203,104,69,78,10,1,22,68,87,154,153,79,66,205,204,60,66,175,6,237,246,2,226,0,0,0,0,0,0,232,208,189,65,0,0
01:54:14,0,0,0,41,39,8,80,203,104,69,78,10,1,22,68,87,154,153,79,66,205,204,60,66,175,6,237,246,2,226,0,0,0,0,0,0,232,208,189,65,0,0
01:54:17,0,0,0,41,39,8,80,203,104,69,78,10,1,22,68,87,154,153,79,66,205,204,60,66,175,6,237,246,2,226,0,0,0,0,0,0,232,208,189,65,0,0
01:54:20,0,0,0,41,39,8,87,203,104,69,78,4,1,22,68,87,0,0,88,66,205,204,60,66,117,6,142,247,233,225,0,0,0,0,0,0,109,31,186,65,0,0
01:54:23,0,0,0,41,39,8,85,203,104,69,78,12,1,22,68,87,102,102,90,66,205,204,60,66,120,6,179,246,13,226,0,0,0,0,0,0,2,232,187,65,0,0
01:54:26,0,0,0,41,39,8,85,203,104,69,78,12,1,22,68,87,102,102,90,66,205,204,60,66,120,6,179,246,13,226,0,0,0,0,0,0,2,232,187,65,0,0
01:54:29,0,0,0,41,39,8,64,203,104,69,78,212,0,22,68,87,205,204,80,66,205,204,60,66,167,7,105,253,227,220,0,0,0,0,0,0,207,21,184,65,0,0
01:54:32,0,0,0,41,39,8,80,203,104,69,78,10,1,22,68,87,154,153,79,66,205,204,60,66,175,6,237,246,2,226,0,0,0,0,0,0,232,208,189,65,0,0
01:54:44,0,0,0,41,39,8,80,203,104,69,78,10,1,22,68,87,154,153,79,66,205,204,60,66,175,6,237,246,2,226,0,0,0,0,0,0,232,208,189,65,0,0
01:54:47,0,0,0,41,39,8,64,203,104,69,78,212,0,22,68,87,205,204,80,66,205,204,60,66,167,7,105,253,227,220,0,0,0,0,0,0,207,21,184,65,0,0
01:54:50,0,0,0,41,39,8,80,203,104,69,78,10,1,22,68,87,154,153,79,66,205,204,60,66,175,6,237,246,2,226,0,0,0,0,0,0,232,208,189,65,0,0
01:54:53,0,0,0,41,39,8,108,203,104,69,78,245,0,22,68,87,154,153,136,66,205,204,60,66,62,6,107,247,204,225,0,0,0,0,0,0,19,255,187,65,0,0
01:54:56,0,0,0,41,39,8,87,203,104,69,78,4,1,22,68,87,0,0,88,66,205,204,60,66,117,6,142,247,233,225,0,0,0,0,0,0,109,31,186,65,0,0
01:54:59,0,0,0,41,39,8,64,203,104,69,78,212,0,22,68,87,205,204,80,66,205,204,60,66,167,7,105,253,227,220,0,0,0,0,0,0,207,21,184,65,0,0
01:55:02,0,0,0,41,39,8,108,203,104,69,78,245,0,22,68,87,154,153,136,66,205,204,60,66,62,6,107,247,204,225,0,0,0,0,0,0,19,255,187,65,0,0
01:55:05,0,0,0,41,39,8,87,203,104,69,78,4,1,22,68,87,0,0,88,66,205,204,60,66,117,6,142,247,233,225,0,0,0,0,0,0,109,31,186,65,0,0
01:55:08,0,0,0,41,39,8,85,203,104,69,78,12,1,22,68,87,102,102,90,66,205,204,60,66,120,6,179,246,13,226,0,0,0,0,0,0,2,232,187,65,0,0
01:55:11,0,0,0,41,39,8,57,203,104,69,78,216,0,22,68,87,0,0,0,0,0,0,0,0,65,0,70,252,48,224,0,0,0,0,0,0,168,240,212,65,0,0
01:55:14,0,0,0,41,39,8,87,203,104,69,78,4,1,22,68,87,0,0,88,66,205,204,60,66,117,6,142,247,233,225,0,0,0,0,0,0,109,31,186,65,0,0
01:55:17,0,0,0,41,39,8,108,203,104,69,78,245,0,22,68,87,154,153,136,66,205,204,60,66,62,6,107,247,204,225,0,0,0,0,0,0,19,255,187,65,0,0
01:55:20,0,0,0,41,39,8,57,203,104,69,78,216,0,22,68,87,0,0,0,0,0,0,0,0,65,0,70,252,48,224,0,0,0,0,0,0,168,240,212,65,0,0
01:55:36,0,0,0,41,39,8,80,203,104,69,78,10,1,22,68,87,154,153,79,66,205,204,60,66,175,6,237,246,2,226,0,0,0,0,0,0,232,208,189,65,0,0
01:55:39,0,0,0,41,39,8,57,203,104,69,78,216,0,22,68,87,0,0,0,0,0,0,0,0,65,0,70,252,48,224,0,0,0,0,0,0,168,240,212,65,0,0
01:55:42,0,0,0,41,39,8,57,203,104,69,78,216,0,22,68,87,0,0,0,0,0,0,0,0,65,0,70,252,48,224,0,0,0,0,0,0,168,240,212,65,0,0
01:55:45,0,0,0,41,39,8,57,203,104,69,78,216,0,22,68,87,0,0,0,0,0,0,0,0,65,0,70,252,48,224,0,0,0,0,0,0,168,240,212,65,0,0
01:55:48,0,0,0,41,39,8,87,203,104,69,78,4,1,22,68,87,0,0,88,66,205,204,60,66,117,6,142,247,233,225,0,0,0,0,0,0,109,31,186,65,0,0
01:55:51,0,0,0,41,39,8,80,203,104,69,78,10,1,22,68,87,154,153,79,66,205,204,60,66,175,6,237,246,2,226,0,0,0,0,0,0,232,208,189,65,0,0
01:55:54,0,0,0,41,39,8,80,203,104,69,78,10,1,22,68,87,154,153,79,66,205,204,60,66,175,6,237,246,2,226,0,0,0,0,0,0,232,208,189,65,0,0
01:55:57,0,0,0,41,39,8,80,203,104,69,78,10,1,22,68,87,154,153,79,66,205,204,60,66,175,6,237,246,2,226,0,0,0,0,0,0,232,208,189,65,0,0
01:56:00,0,0,0,41,39,8,87,203,104,69,78,4,1,22,68,87,0,0,88,66,205,204,60,66,117,6,142,247,233,225,0,0,0,0,0,0,109,31,186,65,0,0
01:56:03,0,0,0,41,39,8,85,203,104,69,78,12,1,22,68,87,102,102,90,66,205,204,60,66,120,6,179,246,13,226,0,0,0,0,0,0,2,232,187,65,0,0
01:56:06,0,0,0,41,39,8,64,203,104,69,78,212,0,22,68,87,205,204,80,66,205,204,60,66,167,7,105,253,227,220,0,0,0,0,0,0,207,21,184,65,0,0
01:56:09,0,0,0,41,39,8,80,203,104,69,78,10,1,22,68,87,154,153,79,66,205,204,60,66,175,6,237,246,2,226,0,0,0,0,0,0,232,208,189,65,0,0
01:56:12,0,0,0,41,39,8,189,202,104,69,78,60,253,11,68,87,0,0,183,66,205,204,60,66,8,16,8,251,100,228,0,0,0,0,0,0,197,24,4,66,0,0
01:56:15,0,0,0,41,39,8,108,203,104,69,78,245,0,22,68,87,154,153,136,66,205,204,60,66,62,6,107,247,204,225,0,0,0,0,0,0,19,255,187,65,0,0
01:56:18,0,0,0,41,39,8,80,203,104,69,78,10,1,22,68,87,154,153,79,66,205,204,60,66,175,6,237,246,2,226,0,0,0,0,0,0,232,208,189,65,0,0
01:56:21,0,0,0,41,39,8,189,202,104,69,78,60,253,11,68,87,0,0,183,66,205,204,60,66,8,16,8,251,100,228,0,0,0,0,0,0,197,24,4,66,0,0
01:56:24,0,0,0,41,39,8,80,203,104,69,78,10,1,22,68,87,154,153,79,66,205,204,60,66,175,6,237,246,2,226,0,0,0,0,0,0,232,208,189,65,0,0
01:56:27,0,0,0,41,39,8,80,203,104,69,78,10,1,22,68,87,154,153,79,66,205,204,60,66,175,6,237,246,2,226,0,0,0,0,0,0,232,208,189,65,0,0
01:56:30,0,0,0,41,39,8,87,203,104,69,78,4,1,22,68,87,0,0,88,66,205,204,60,66,117,6,142,247,233,225,0,0,0,0,0,0,109,31,186,65,0,0
01:56:33,0,0,0,41,39,8,80,203,104,69,78,10,1,22,68,87,154,153,79,66,205,204,60,66,175,6,237,246,2,226,0,0,0,0,0,0,232,208,189,65,0,0
01:56:36,0,0,0,41,39,8,64,203,104,69,78,212,0,22,68,87,205,204,80,66,205,204,60,66,167,7,105,253,227,220,0,0,0,0,0,0,207,21,184,65,0,0
01:56:39,0,0,0,41,39,8,64,203,104,69,78,212,0,22,68,87,205,204,80,66,205,204,60,66,167,7,105,253,227,220,0,0,0,0,0,0,207,21,184,65,0,0
01:57:50,0,0,0,41,39,8,87,203,104,69,78,4,1,22,68,87,0,0,88,66,205,204,60,66,117,6,142,247,233,225,0,0,0,0,0,0,109,31,186,65,0,0
01:57:53,0,0,0,41,39,8,108,203,104,69,78,245,0,22,68,87,154,153,136,66,205,204,60,66,62,6,107,247,204,225,0,0,0,0,0,0,19,255,187,65,0,0
01:57:56,0,0,0,41,39,8,57,203,104,69,78,216,0,22,68,87,0,0,0,0,0,0,0,0,65,0,70,252,48,224,0,0,0,0,0,0,168,240,212,65,0,0
01:57:59,0,0,0,41,39,8,57,203,104,69,78,216,0,22,68,87,0,0,0,0,0,0,0,0,65,0,70,252,48,224,0,0,0,0,0,0,168,240,212,65,0,0
01:58:02,0,0,0,41,39,8,64,203,104,69,78,212,0,22,68,87,205,204,80,66,205,204,60,66,167,7,105,253,227,220,0,0,0,0,0,0,207,21,184,65,0,0
01:58:59,0,0,0,41,39,8,189,202,104,69,78,60,253,11,68,87,0,0,183,66,205,204,60,66,8,16,8,251,100,228,0,0,0,0,0,0,197,24,4,66,0,0
01:59:02,0,0,0,41,39,8,189,202,104,69,78,60,253,11,68,87,0,0,183,66,205,204,60,66,8,16,8,251,100,228,0,0,0,0,0,0,197,24,4,66,0,0
01:59:05,0,0,0,41,39,8,64,203,104,69,78,212,0,22,68,87,205,204,80,66,205,204,60,66,167,7,105,253,227,220,0,0,0,0,0,0,207,21,184,65,0,0
01:59:08,0,0,0,41,39,8,57,203,104,69,78,216,0,22,68,87,0,0,0,0,0,0,0,0,65,0,70,252,48,224,0,0,0,0,0,0,168,240,212,65,0,0
01:59:11,0,0,0,41,39,8,189,202,104,69,78,60,253,11,68,87,0,0,183,66,205,204,60,66,8,16,8,251,100,228,0,0,0,0,0,0,197,24,4,66,0,0
01:59:54,0,0,0,41,39,8,80,203,104,69,78,10,1,22,68,87,154,153,79,66,205,204,60,66,175,6,237,246,2,226,0,0,0,0,0,0,232,208,189,65,0,0
01:59:57,0,0,0,41,39,8,85,203,104,69,78,12,1,22,68,87,102,102,90,66,205,204,60,66,120,6,179,246,13,226,0,0,0,0,0,0,2,232,187,65,0,0
02:00:08,0,0,0,41,39,8,64,203,104,69,78,212,0,22,68,87,205,204,80,66,205,204,60,66,167,7,105,253,227,220,0,0,0,0,0,0,207,21,184,65,0,0
02:00:11,0,0,0,41,39,8,108,203,104,69,78,245,0,22,68,87,154,153,136,66,205,204,60,66,62,6,107,247,204,225,0,0,0,0,0,0,19,255,187,65,0,0
02:00:14,0,0,0,41,39,8,57,203,104,69,78,216,0,22,68,87,0,0,0,0,0,0,0,0,65,0,70,252,48,224,0,0,0,0,0,0,168,240,212,65,0,0
02:00:17,0,0,0,41,39,8,80,203,104,69,78,10,1,22,68,87,154,153,79,66,205,204,60,66,175,6,237,246,2,226,0,0,0,0,0,0,232,208,189,65,0,0
02:00:20,0,0,0,41,39,8,80,203,104,69,78,10,1,22,68,87,154,153,79,66,205,204,60,66,175,6,237,246,2,226,0,0,0,0,0,0,232,208,189,65,0,0
02:00:23,0,0,0,41,39,8,80,203,104,69,78,10,1,22,68,87,154,153,79,66,205,204,60,66,175,6,237,246,2,226,0,0,0,0,0,0,232,208,189,65,0,0
02:00:26,0,0,0,41,39,8,80,203,104,69,78,10,1,22,68,87,154,153,79,66,205,204,60,66,175,6,237,246,2,226,0,0,0,0,0,0,232,208,189,65,0,0
02:00:29,0,0,0,41,39,8,108,203,104,69,78,245,0,22,68,87,154,153,136,66,205,204,60,66,62,6,107,247,204,225,0,0,0,0,0,0,19,255,187,65,0,0
02:00:39,0,0,0,41,39,8,85,203,104,69,78,12,1,22,68,87,102,102,90,66,205,204,60,66,120,6,179,246,13,226,0,0,0,0,0,0,2,232,187,65,0,0
02:00:42,0,0,0,41,39,8,108,203,104,69,78,245,0,22,68,87,154,153,136,66,205,204,60,66,62,6,107,247,204,225,0,0,0,0,0,0,19,255,187,65,0,0
02:00:45,0,0,0,41,39,8,189,202,104,69,78,60,253,11,68,87,0,0,183,66,205,204,60,66,8,16,8,251,100,228,0,0,0,0,0,0,197,24,4,66,0,0
02:00:48,0,0,0,41,39,8,80,203,104,69,78,10,1,22,68,87,154,153,79,66,205,204,60,66,175,6,237,246,2,226,0,0,0,0,0,0,232,208,189,65,0,0
02:00:51,0,0,0,41,39,8,80,203,104,69,78,10,1,22,68,87,154,153,79,66,205,204,60,66,175,6,237,246,2,226,0,0,0,0,0,0,232,208,189,65,0,0
02:00:54,0,0,0,41,39,8,80,203,104,69,78,10,1,22,68,87,154,153,79,66,205,204,60,66,175,6,237,246,2,226,0,0,0,0,0,0,232,208,189,65,0,0
02:04:57,0,0,0,41,39,8,189,202,104,69,78,60,253,11,68,87,0,0,183,66,205,204,60,66,8,16,8,251,100,228,0,0,0,0,0,0,197,24,4,66,0,0
02:05:00,0,0,0,41,39,8,108,203,104,69,78,245,0,22,68,87,154,153,136,66,205,204,60,66,62,6,107,247,204,225,0,0,0,0,0,0,19,255,187,65,0,0
02:05:03,0,0,0,41,39,8,80,203,104,69,78,10,1,22,68,87,154,153,79,66,205,204,60,66,175,6,237,246,2,226,0,0,0,0,0,0,232,208,189,65,0,0
02:05:06,0,0,0,41,39,8,87,203,104,69,78,4,1,22,68,87,0,0,88,66,205,204,60,66,117,6,142,247,233,225,0,0,0,0,0,0,109,31,186,65,0,0
02:05:09,0,0,0,41,39,8,108,203,104,69,78,245,0,22,68,87,154,153,136,66,205,204,60,66,62,6,107,247,204,225,0,0,0,0,0,0,19,255,187,65,0,0
02:05:12,0,0,0,41,39,8,64,203,104,69,78,212,0,22,68,87,205,204,80,66,205,204,60,66,167,7,105,253,227,220,0,0,0,0,0,0,207,21,184,65,0,0
02:05:15,0,0,0,41,39,8,85,203,104,69,78,12,1,22,68,87,102,102,90,66,205,204,60,66,120,6,179,246,13,226,0,0,0,0,0,0,2,232,187,65,0,0
02:05:18,0,0,0,41,39,8,64,203,104,69,78,212,0,22,68,87,205,204,80,66,205,204,60,66,167,7,105,253,227,220,0,0,0,0,0,0,207,21,184,65,0,0
02:05:21,0,0,0,41,39,8,85,203,104,69,78,12,1,22,68,87,102,102,90,66,205,204,60,66,120,6,179,246,13,226,0,0,0,0,0,0,2,232,187,65,0,0
02:05:24,0,0,0,41,39,8,87,203,104,69,78,4,1,22,68,87,0,0,88,66,205,204,60,66,117,6,142,247,233,225,0,0,0,0,0,0,109,31,186,65,0,0
02:05:27,0,0,0,41,39,8,80,203,104,69,78,10,1,22,68,87,154,153,79,66,205,204,60,66,175,6,237,246,2,226,0,0,0,0,0,0,232,208,189,65,0,0
02:05:30,0,0,0,41,39,8,80,203,104,69,78,10,1,22,68,87,154,153,79,66,205,204,60,66,175,6,237,246,2,226,0,0,0,0,0,0,232,208,189,65,0,0
02:05:46,0,0,0,41,39,8,85,203,104,69,78,12,1,22,68,87,102,102,90,66,205,204,60,66,120,6,179,246,13,226,0,0,0,0,0,0,2,232,187,65,0,0
02:05:49,0,0,0,41,39,8,85,203,104,69,78,12,1,22,68,87,102,102,90,66,205,204,60,66,120,6,179,246,13,226,0,0,0,0,0,0,2,232,187,65,0,0
02:05:52,0,0,0,41,39,8,80,203,104,69,78,10,1,22,68,87,154,153,79,66,205,204,60,66,175,6,237,246,2,226,0,0,0,0,0,0,232,208,189,65,0,0
02:05:55,0,0,0,41,39,8,85,203,104,69,78,12,1,22,68,87,102,102,90,66,205,204,60,66,120,6,179,246,13,226,0,0,0,0,0,0,2,232,187,65,0,0
02:05:58,0,0,0,41,39,8,64,203,104,69,78,212,0,22,68,87,205,204,80,66,205,204,60,66,167,7,105,253,227,220,0,0,0,0,0,0,207,21,184,65,0,0
02:06:01,0,0,0,41,39,8,80,203,104,69,78,10,1,22,68,87,154,153,79,66,205,204,60,66,175,6,237,246,2,226,0,0,0,0,0,0,232,208,189,65,0,0
02:06:04,0,0,0,41,39,8,108,203,104,69,78,245,0,22,68,87,154,153,136,66,205,204,60,66,62,6,107,247,204,225,0,0,0,0,0,0,19,255,187,65,0,0
02:06:07,0,0,0,41,39,8,87,203,104,69,78,4,1,22,68,87,0,0,88,66,205,204,60,66,117,6,142,247,233,225,0,0,0,0,0,0,109,31,186,65,0,0
02:06:10,0,0,0,41,39,8,87,203,104,69,78,4,1,22,68,87,0,0,88,66,205,204,60,66,117,6,142,247,233,225,0,0,0,0,0,0,109,31,186,65,0,0
02:06:25,0,0,0,41,39,8,85,203,104,69,78,12,1,22,68,87,102,102,90,66,205,204,60,66,120,6,179,246,13,226,0,0,0,0,0,0,2,232,187,65,0,0
02:06:28,0,0,0,41,39,8,87,203,104,69,78,4,1,22,68,87,0,0,88,66,205,204,60,66,117,6,142,247,233,225,0,0,0,0,0,0,109,31,186,65,0,0
02:06:31,0,0,0,41,39,8,80,203,104,69,78,10,1,22,68,87,154,153,79,66,205,204,60,66,175,6,237,246,2,226,0,0,0,0,0,0,232,208,189,65,0,0
02:06:34,0,0,0,41,39,8,57,203,104,69,78,216,0,22,68,87,0,0,0,0,0,0,0,0,65,0,70,252,48,224,0,0,0,0,0,0,168,240,212,65,0,0
02:06:37,0,0,0,41,39,8,64,203,104,69,78,212,0,22,68,87,205,204,80,66,205,204,60,66,167,7,105,253,227,220,0,0,0,0,0,0,207,21,184,65,0,0
02:06:40,0,0,0,41,39,8,57,203,104,69,78,216,0,22,68,87,0,0,0,0,0,0,0,0,65,0,70,252,48,224,0,0,0,0,0,0,168,240,212,65,0,0
02:06:43,0,0,0,41,39,8,189,202,104,69,78,60,253,11,68,87,0,0,183,66,205,204,60,66,8,16,8,251,100,228,0,0,0,0,0,0,197,24,4,66,0,0
02:06:46,0,0,0,41,39,8,189,202,104,69,78,60,253,11,68,87,0,0,183,66,205,204,60,66,8,16,8,251,100,228,0,0,0,0,0,0,197,24,4,66,0,0
02:06:49,0,0,0,41,39,8,80,203,104,69,78,10,1,22,68,87,154,153,79,66,205,204,60,66,175,6,237,246,2,226,0,0,0,0,0,0,232,208,189,65,0,0
02:06:52,0,0,0,41,39,8,108,203,104,69,78,245,0,22,68,87,154,153,136,66,205,204,60,66,62,6,107,247,204,225,0,0,0,0,0,0,19,255,187,65,0,0
02:06:55,0,0,0,41,39,8,80,203,104,69,78,10,1,22,68,87,154,153,79,66,205,204,60,66,175,6,237,246,2,226,0,0,0,0,0,0,232,208,189,65,0,0
02:06:58,0,0,0,41,39,8,85,203,104,69,78,12,1,22,68,87,102,102,90,66,205,204,60,66,120,6,179,246,13,226,0,0,0,0,0,0,2,232,187,65,0,0
02:07:01,0,0,0,41,39,8,80,203,104,69,78,10,1,22,68,87,154,153,79,66,205,204,60,66,175,6,237,246,2,226,0,0,0,0,0,0,232,208,189,65,0,0
02:07:04,0,0,0,41,39,8,85,203,104,69,78,12,1,22,68,87,102,102,90,66,205,204,60,66,120,6,179,246,13,226,0,0,0,0,0,0,2,232,187,65,0,0
02:07:07,0,0,0,41,39,8,87,203,104,69,78,4,1,22,68,87,0,0,88,66,205,204,60,66,117,6,142,247,233,225,0,0,0,0,0,0,109,31,186,65,0,0
02:07:10,0,0,0,41,39,8,189,202,104,69,78,60,253,11,68,87,0,0,183,66,205,204,60,66,8,16,8,251,100,228,0,0,0,0,0,0,197,24,4,66,0,0
02:07:13,0,0,0,41,39,8,87,203,104,69,78,4,1,22,68,87,0,0,88,66,205,204,60,66,117,6,142,247,233,225,0,0,0,0,0,0,109,31,186,65,0,0
02:07:16,0,0,0,41,39,8,64,203,104,69,78,212,0,22,68,87,205,204,80,66,205,204,60,66,167,7,105,253,227,220,0,0,0,0,0,0,207,21,184,65,0,0
02:07:19,0,0,0,41,39,8,64,203,104,69,78,212,0,22,68,87,205,204,80,66,205,204,60,66,167,7,105,253,227,220,0,0,0,0,0,0,207,21,184,65,0,0
02:07:22,0,0,0,41,39,8,64,203,104,69,78,212,0,22,68,87,205,204,80,66,205,204,60,66,167,7,105,253,227,220,0,0,0,0,0,0,207,21,184,65,0,0
02:07:25,0,0,0,41,39,8,85,203,104,69,78,12,1,22,68,87,102,102,90,66,205,204,60,66,120,6,179,246,13,226,0,0,0,0,0,0,2,232,187,65,0,0
02:07:28,0,0,0,41,39,8,85,203,104,69,78,12,1,22,68,87,102,102,90,66,205,204,60,66,120,6,179,246,13,226,0,0,0,0,0,0,2,232,187,65,0,0
02:07:31,0,0,0,41,39,8,189,202,104,69,78,60,253,11,68,87,0,0,183,66,205,204,60,66,8,16,8,251,100,228,0,0,0,0,0,0,197,24,4,66,0,0
02:07:34,0,0,0,41,39,8,189,202,104,69,78,60,253,11,68,87,0,0,183,66,205,204,60,66,8,16,8,251,100,228,0,0,0,0,0,0,197,24,4,66,0,0
02:07:37,0,0,0,41,39,8,57,203,104,69,78,216,0,22,68,87,0,0,0,0,0,0,0,0,65,0,70,252,48,224,0,0,0,0,0,0,168,240,212,65,0,0
02:07:40,0,0,0,41,39,8,108,203,104,69,78,245,0,22,68,87,154,153,136,66,205,204,60,66,62,6,107,247,204,225,0,0,0,0,0,0,19,255,187,65,0,0
02:08:08,0,0,0,41,39,8,87,203,104,69,78,4,1,22,68,87,0,0,88,66,205,204,60,66,117,6,142,247,233,225,0,0,0,0,0,0,109,31,186,65,0,0
02:08:11,0,0,0,41,39,8,80,203,104,69,78,10,1,22,68,87,154,153,79,66,205,204,60,66,175,6,237,246,2,226,0,0,0,0,0,0,232,208,189,65,0,0
02:08:14,0,0,0,41,39,8,80,203,104,69,78,10,1,22,68,87,154,153,79,66,205,204,60,66,175,6,237,246,2,226,0,0,0,0,0,0,232,208,189,65,0,0
02:08:17,0,0,0,41,39,8,108,203,104,69,78,245,0,22,68,87,154,153,136,66,205,204,60,66,62,6,107,247,204,225,0,0,0,0,0,0,19,255,187,65,0,0
02:08:20,0,0,0,41,39,8,64,203,104,69,78,212,0,22,68,87,205,204,80,66,205,204,60,66,167,7,105,253,227,220,0,0,0,0,0,0,207,21,184,65,0,0
02:08:23,0,0,0,41,39,8,64,203,104,69,78,212,0,22,68,87,205,204,80,66,205,204,60,66,167,7,105,253,227,220,0,0,0,0,0,0,207,21,184,65,0,0
02:08:26,0,0,0,41,39,8,57,203,104,69,78,216,0,22,68,87,0,0,0,0,0,0,0,0,65,0,70,252,48,224,0,0,0,0,0,0,168,240,212,65,0,0
02:08:40,0,0,0,41,39,8,80,203,104,69,78,10,1,22,68,87,154,153,79,66,205,204,60,66,175,6,237,246,2,226,0,0,0,0,0,0,232,208,189,65,0,0
02:08:43,0,0,0,41,39,8,80,203,104,69,78,10,1,22,68,87,154,153,79,66,205,204,60,66,175,6,237,246,2,226,0,0,0,0,0,0,232,208,189,65,0,0
02:08:46,0,0,0,41,39,8,80,203,104,69,78,10,1,22,68,87,154,153,79,66,205,204,60,66,175,6,237,246,2,226,0,0,0,0,0,0,232,208,189,65,0,0
02:08:49,0,0,0,41,39,8,80,203,104,69,78,10,1,22,68,87,154,153,79,66,205,204,60,66,175,6,237,246,2,226,0,0,0,0,0,0,232,208,189,65,0,0
02:08:52,0,0,0,41,39,8,64,203,104,69,78,212,0,22,68,87,205,204,80,66,205,204,60,66,167,7,105,253,227,220,0,0,0,0,0,0,207,21,184,65,0,0
02:09:22,0,0,0,41,39,8,108,203,104,69,78,245,0,22,68,87,154,153,136,66,205,204,60,66,62,6,107,247,204,225,0,0,0,0,0,0,19,255,187,65,0,0
02:09:25,0,0,0,41,39,8,108,203,104,69,78,245,0,22,68,87,154,153,136,66,205,204,60,66,62,6,107,247,204,225,0,0,0,0,0,0,19,255,187,65,0,0
02:09:28,0,0,0,41,39,8,189,202,104,69,78,60,253,11,68,87,0,0,183,66,205,204,60,66,8,16,8,251,100,228,0,0,0,0,0,0,197,24,4,66,0,0
02:09:31,0,0,0,41,39,8,189,202,104,69,78,60,253,11,68,87,0,0,183,66,205,204,60,66,8,16,8,251,100,228,0,0,0,0,0,0,197,24,4,66,0,0
02:09:34,0,0,0,41,39,8,189,202,104,69,78,60,253,11,68,87,0,0,183,66,205,204,60,66,8,16,8,251,100,228,0,0,0,0,0,0,197,24,4,66,0,0
02:09:37,0,0,0,41,39,8,108,203,104,69,78,245,0,22,68,87,154,153,136,66,205,204,60,66,62,6,107,247,204,225,0,0,0,0,0,0,19,255,187,65,0,0
02:09:40,0,0,0,41,39,8,108,203,104,69,78,245,0,22,68,87,154,153,136,66,205,204,60,66,62,6,107,247,204,225,0,0,0,0,0,0,19,255,187,65,0,0
02:09:43,0,0,0,41,39,8,80,203,104,69,78,10,1,22,68,87,154,153,79,66,205,204,60,66,175,6,237,246,2,226,0,0,0,0,0,0,232,208,189,65,0,0
02:09:46,0,0,0,41,39,8,80,203,104,69,78,10,1,22,68,87,154,153,79,66,205,204,60,66,175,6,237,246,2,226,0,0,0,0,0,0,232,208,189,65,0,0
02:09:49,0,0,0,41,39,8,85,203,104,69,78,12,1,22,68,87,102,102,90,66,205,204,60,66,120,6,179,246,13,226,0,0,0,0,0,0,2,232,187,65,0,0
02:09:52,0,0,0,41,39,8,108,203,104,69,78,245,0,22,68,87,154,153,136,66,205,204,60,66,62,6,107,247,204,225,0,0,0,0,0,0,19,255,187,65,0,0
02:09:55,0,0,0,41,39,8,80,203,104,69,78,10,1,22,68,87,154,153,79,66,205,204,60,66,175,6,237,246,2,226,0,0,0,0,0,0,232,208,189,65,0,0
02:09:58,0,0,0,41,39,8,57,203,104,69,78,216,0,22,68,87,0,0,0,0,0,0,0,0,65,0,70,252,48,224,0,0,0,0,0,0,168,240,212,65,0,0
02:10:01,0,0,0,41,39,8,108,203,104,69,78,245,0,22,68,87,154,153,136,66,205,204,60,66,62,6,107,247,204,225,0,0,0,0,0,0,19,255,187,65,0,0
02:10:04,0,0,0,41,39,8,80,203,104,69,78,10,1,22,68,87,154,153,79,66,205,204,60,66,175,6,237,246,2,226,0,0,0,0,0,0,232,208,189,65,0,0
02:10:07,0,0,0,41,39,8,64,203,104,69,78,212,0,22,68,87,205,204,80,66,205,204,60,66,167,7,105,253,227,220,0,0,0,0,0,0,207,21,184,65,0,0
02:10:10,0,0,0,41,39,8,85,203,104,69,78,12,1,22,68,87,102,102,90,66,205,204,60,66,120,6,179,246,13,226,0,0,0,0,0,0,2,232,187,65,0,0
02:10:13,0,0,0,41,39,8,87,203,104,69,78,4,1,22,68,87,0,0,88,66,205,204,60,66,117,6,142,247,233,225,0,0,0,0,0,0,109,31,186,65,0,0
02:10:16,0,0,0,41,39,8,189,202,104,69,78,60,253,11,68,87,0,0,183,66,205,204,60,66,8,16,8,251,100,228,0,0,0,0,0,0,197,24,4,66,0,0
02:10:19,0,0,0,41,39,8,80,203,104,69,78,10,1,22,68,87,154,153,79,66,205,204,60,66,175,6,237,246,2,226,0,0,0,0,0,0,232,208,189,65,0,0
02:10:22,0,0,0,41,39,8,85,203,104,69,78,12,1,22,68,87,102,102,90,66,205,204,60,66,120,6,179,246,13,226,0,0,0,0,0,0,2,232,187,65,0,0
02:10:25,0,0,0,41,39,8,80,203,104,69,78,10,1,22,68,87,154,153,79,66,205,204,60,66,175,6,237,246,2,226,0,0,0,0,0,0,232,208,189,65,0,0
02:10:28,0,0,0,41,39,8,57,203,104,69,78,216,0,22,68,87,0,0,0,0,0,0,0,0,65,0,70,252,48,224,0,0,0,0,0,0,168,240,212,65,0,0
02:10:31,0,0,0,41,39,8,57,203,104,69,78,216,0,22,68,87,0,0,0,0,0,0,0,0,65,0,70,252,48,224,0,0,0,0,0,0,168,240,212,65,0,0
02:10:34,0,0,0,41,39,8,108,203,104,69,78,245,0,22,68,87,154,153,136,66,205,204,60,66,62,6,107,247,204,225,0,0,0,0,0,0,19,255,187,65,0,0
02:10:37,0,0,0,41,39,8,87,203,104,69,78,4,1,22,68,87,0,0,88,66,205,204,60,66,117,6,142,247,233,225,0,0,0,0,0,0,109,31,186,65,0,0
02:10:40,0,0,0,41,39,8,80,203,104,69,78,10,1,22,68,87,154,153,79,66,205,204,60,66,175,6,237,246,2,226,0,0,0,0,0,0,232,208,189,65,0,0
02:10:43,0,0,0,41,39,8,57,203,104,69,78,216,0,22,68,87,0,0,0,0,0,0,0,0,65,0,70,252,48,224,0,0,0,0,0,0,168,240,212,65,0,0
02:10:46,0,0,0,41,39,8,80,203,104,69,78,10,1,22,68,87,154,153,79,66,205,204,60,66,175,6,237,246,2,226,0,0,0,0,0,0,232,208,189,65,0,0
02:10:49,0,0,0,41,39,8,57,203,104,69,78,216,0,22,68,87,0,0,0,0,0,0,0,0,65,0,70,252,48,224,0,0,0,0,0,0,168,240,212,65,0,0
02:10:52,0,0,0,41,39,8,80,203,104,69,78,10,1,22,68,87,154,153,79,66,205,204,60,66,175,6,237,246,2,226,0,0,0,0,0,0,232,208,189,65,0,0
02:10:55,0,0,0,41,39,8,80,203,104,69,78,10,1,22,68,87,154,153,79,66,205,204,60,66,175,6,237,246,2,226,0,0,0,0,0,0,232,208,189,65,0,0
02:10:58,0,0,0,41,39,8,80,203,104,69,78,10,1,22,68,87,154,153,79,66,205,204,60,66,175,6,237,246,2,226,0,0,0,0,0,0,232,208,189,65,0,0
02:11:01,0,0,0,41,39,8,87,203,104,69,78,4,1,22,68,87,0,0,88,66,205,204,60,66,117,6,142,247,233,225,0,0,0,0,0,0,109,31,186,65,0,0
02:11:04,0,0,0,41,39,8,80,203,104,69,78,10,1,22,68,87,154,153,79,66,205,204,60,66,175,6,237,246,2,226,0,0,0,0,0,0,232,208,189,65,0,0
02:11:07,0,0,0,41,39,8,80,203,104,69,78,10,1,22,68,87,154,153,79,66,205,204,60,66,175,6,237,246,2,226,0,0,0,0,0,0,232,208,189,65,0,0
02:11:10,0,0,0,41,39,8,64,203,104,69,78,212,0,22,68,87,205,204,80,66,205,204,60,66,167,7,105,253,227,220,0,0,0,0,0,0,207,21,184,65,0,0
02:11:13,0,0,0,41,39,8,87,203,104,69,78,4,1,22,68,87,0,0,88,66,205,204,60,66,117,6,142,247,233,225,0,0,0,0,0,0,109,31,186,65,0,0
02:11:16,0,0,0,41,39,8,87,203,104,69,78,4,1,22,68,87,0,0,88,66,205,204,60,66,117,6,142,247,233,225,0,0,0,0,0,0,109,31,186,65,0,0
02:11:20,0,0,0,41,39,8,87,203,104,69,78,4,1,22,68,87,0,0,88,66,205,204,60,66,117,6,142,247,233,225,0,0,0,0,0,0,109,31,186,65,0,0
02:11:22,0,0,0,41,39,8,57,203,104,69,78,216,0,22,68,87,0,0,0,0,0,0,0,0,65,0,70,252,48,224,0,0,0,0,0,0,168,240,212,65,0,0
02:11:25,0,0,0,41,39,8,108,203,104,69,78,245,0,22,68,87,154,153,136,66,205,204,60,66,62,6,107,247,204,225,0,0,0,0,0,0,19,255,187,65,0,0
02:11:28,0,0,0,41,39,8,57,203,104,69,78,216,0,22,68,87,0,0,0,0,0,0,0,0,65,0,70,252,48,224,0,0,0,0,0,0,168,240,212,65,0,0
